REGION,ISO,COUNTRY,REPORTYEAR,POPULATION,TOTAL Actual DD,Actual DBD,Actual DCD,Total Utilized DD,Utilized DBD,Utilized DCD,DD Kidney Tx,LD Kidney Tx,TOTAL Kidney Tx,DD Liver Tx,DOMINO Liver Tx,LD Liver Tx,TOTAL Liver TX,Total Heart,DD Lung Tx,LD Lung Tx,TOTAL Lung Tx,Pancreas Tx,Kidney Pancreas Tx,Small Bowel Tx
Europe,AND,Andorra,2010,0.1,,,,,,,,,,,,,,,,,,,,
Eastern Mediterranean,ARE,United Arab Emirates,2010,4.7,,,,,,,,19,19,,,,,,,,,,,
Eastern Mediterranean,AFG,Afghanistan,2010,29.1,,,,,,,,,,,,,,,,,,,,
America,ATG,Antigua and Barbuda,2010,0.1,,,,,,,,,,,,,,,,,,,,
Europe,ALB,Albania,2010,3.2,0,0,0,,,,0,2,2,0,0,0,0,0,,,0,0,0,0
Europe,ARM,Armenia,2010,3.1,,,,,,,,8,8,,,,,,,,,,,
Africa,AGO,Angola,2010,19,,,,,,,,,,,,,,,,,,,,
America,ARG,Argentina,2010,40.7,583,583,0,,,,846,236,1082,289,1,33,323,72,,,42,,58,7
Europe,AUT,Austria,2010,8.4,196,196,,,,,348,59,407,139,0,2,141,69,,,114,,27,
Western Pacific,AUS,Australia,2010,21.5,302,235,67,,,,548,293,841,204,,4,208,68,,,123,,33,1
Europe,AZE,Azerbaijan,2010,8.9,,,,,,,,,,,,,,,,,,,,
Europe,BIH,Bosnia and Herzegovina,2010,3.8,,,,,,,,,,,,,,,,,,,,
America,BRB,Barbados,2010,0.3,,,,,,,,,,,,,,,,,,,,
South-East Asia,BGD,Bangladesh,2010,164.4,,,,,,,,28,28,0,,0,0,0,,,0,,0,0
Europe,BEL,Belgium,2010,10.7,221,171,50,,,,404,49,453,210,0,33,243,68,,,114,,22,
Africa,BFA,Burkina Faso,2010,16.3,,,,,,,,,,,,,,,,,,,,
Europe,BGR,Bulgaria,2010,7.5,20,20,0,,,,36,12,48,13,,2,15,5,,,0,,0,0
Eastern Mediterranean,BHR,Bahrain,2010,0.8,,,,,,,,,,,,,,,,,,,,
Africa,BDI,Burundi,2010,8.5,,,,,,,,,,,,,,,,,,,,
Africa,BEN,Benin,2010,9.2,,,,,,,,,,,,,,,,,,,,
Western Pacific,BRN,Brunei Darussalam,2010,0.4,,,,,,,,,,,,,,,,,,,,
America,BOL,Bolivia (Plurinational State of),2010,10.7,15,15,0,,,,30,52,82,,,,,,,,,,,
America,BRA,Brazil,2010,195.4,1934,1934,,,,,2946,1714,4660,1295,,109,1404,167,,,60,,87,
America,BHS,Bahamas,2010,0.3,,,,,,,,,,,,,,,,,,,,
South-East Asia,BTN,Bhutan,2010,0.7,0,0,0,,,,0,0,0,0,0,0,0,0,,,0,,0,0
Africa,BWA,Botswana,2010,2,,,,,,,,,,,,,,,,,,,,
Europe,BLR,Belarus,2010,9.6,,,,,,,,,,,,,,,,,,,,
America,BLZ,Belize,2010,0.3,,,,,,,,,,,,,,,,,,,,
America,CAN,Canada,2010,33.9,495,423,72,,,45,749,485,1234,387,0,64,451,170,,,180,,50,1
Africa,COD,Democratic Republic of The Congo,2010,67.8,,,,,,,,,,,,,,,,,,,,
Africa,CAF,Central African Republic,2010,4.5,,,,,,,,,,,,,,,,,,,,
Africa,COG,Congo,2010,3.8,,,,,,,,,,,,,,,,,,,,
Europe,CHE,Switzerland,2010,7.6,98,98,0,,,,180,114,294,98,1,1,100,35,,,49,,9,1
Africa,CIV,Côte d’Ivoire,2010,21.6,,,,,,,,,,,,,,,,,,,,
Western Pacific,COK,Cook Islands,2010,0,,,,,,,,,,,,,,,,,,,,
America,CHL,Chile,2010,17.1,92,92,,,,,163,37,200,60,,7,67,20,,,9,,,
Africa,CMR,Cameroon,2010,20,,,,,,,,,,,,,,,,,,,,
Western Pacific,CHN,China,2010,"1,354.10",,,,,,,4577,963,5540,2082,,62,2144,147,,,33,,,
America,COL,Colombia,2010,46.3,569,569,0,,,,798,70,868,218,0,2,220,60,,,6,,12,6
America,CRI,Costa Rica,2010,4.6,16,16,0,,,,32,93,125,8,0,0,8,0,,,0,,0,0
Europe,MNE,Montenegro,2010,0.6,,,,,,,,,,,,,,,,,,,,
America,CUB,Cuba,2010,11.2,104,104,,,,,111,6,117,22,,,22,3,,,,,,
Africa,CPV,Cape Verde,2010,0.5,,,,,,,,,,,,,,,,,,,,
Europe,CYP,Cyprus,2010,0.9,4,4,0,,,,8,24,32,,,,,,,,,,,
Europe,CZE,Czech Republic,2010,10.4,206,204,2,,,,347,17,364,102,1,0,103,70,,,17,,16,0
Europe,DEU,Germany,2010,82.1,1296,1296,0,,,,2272,665,2937,1192,5,90,1287,393,,,298,,144,10
Eastern Mediterranean,DJI,Djibouti,2010,0.9,,,,,,,,,,,,,,,,,,,,
Europe,DNK,Denmark,2010,5.5,73,73,0,,,,130,102,232,47,0,0,47,22,,,31,,,
America,DMA,Dominica,2010,0.1,,,,,,,,,,,,,,,,,,,,
America,DOM,Dominican Republic,2010,10.2,11,11,,,,,16,29,45,3,,,3,,,,,,,
Africa,DZA,Algeria,2010,35.4,1,,1,,,,2,96,98,0,0,6,6,0,,,0,,0,0
America,ECU,Ecuador,2010,13.8,31,31,,,,,60,19,79,18,,,18,1,,,,,,
Europe,EST,Estonia,2010,1.3,23,23,0,,,,35,4,39,3,,,3,0,,,1,,,
Eastern Mediterranean,EGY,Egypt,2010,84.5,,,,,,,,1200,1200,,,,,,,,,,,
Africa,ERI,Eritrea,2010,5.2,,,,,,,,,,,,,,,,,,,,
Europe,ESP,Spain,2010,45.3,1502,1372,130,,,,1985,240,2225,943,8,20,971,243,,,235,,71,5
Africa,ETH,Ethiopia,2010,85,0,0,0,,,,0,0,0,0,0,0,0,0,,,0,,0,0
Europe,FIN,Finland,2010,5.3,92,92,0,,,,164,11,175,50,0,0,50,22,,,15,,2,1
Western Pacific,FJI,Fiji,2010,0.9,,,,,,,,,,,,,,,,,,,,
Western Pacific,FSM,Micronesia (Federated States of),2010,0.6,,,,,,,,,,,,,,,,,,,,
Europe,FRA,France,2010,62.6,1538,1476,62,,,,2609,283,2892,1075,8,17,1092,375,,,263,,83,9
Africa,GAB,Gabon,2010,1.5,,,,,,,,,,,,,,,,,,,,
Europe,GBR,United Kingdom,2010,61.9,1015,642,373,,,,1698,1026,2724,684,4,24,712,124,,,162,,151,18
America,GRD,Grenada,2010,0.1,,,,,,,,,,,,,,,,,,,,
Europe,GEO,Georgia,2010,4.2,,,,,,,,8,8,,,,,,,,,,,
Africa,GHA,Ghana,2010,24.3,0,0,0,,,,0,0,0,0,0,0,0,0,,,0,,0,0
Africa,GMB,Gambia,2010,1.8,,,,,,,,,,,,,,,,,,,,
Africa,GIN,Guinea,2010,10.3,,,,,,,,,,,,,,,,,,,,
Africa,GNQ,Equatorial Guinea,2010,0.7,,,,,,,,,,,,,,,,,,,,
Europe,GRC,Greece,2010,11.2,44,44,0,,,,108,27,135,25,0,0,25,5,,,2,,,
America,GTM,Guatemala,2010,14.4,6,,,,,,12,57,69,,,,,,,,,,,
Africa,GNB,Guinea-Bissau,2010,1.6,,,,,,,,,,,,,,,,,,,,
America,GUY,Guyana,2010,0.8,,,,,,,,,,,,,,,,,,,,
America,HND,Honduras,2010,7.6,,,,,,,,,,,,,,,,,,,,
Europe,HRV,Croatia,2010,4.4,135,135,0,,,,224,20,244,103,,2,105,36,,,,,5,
America,HTI,Haiti,2010,10.2,,,,,,,,,,,,,,,,,,,,
Europe,HUN,Hungary,2010,10,159,159,0,,,,265,42,307,43,0,0,43,20,,,,,9,
South-East Asia,IDN,Indonesia,2010,232.5,0,0,0,,,,0,494,494,0,,2,2,0,,,0,,0,0
Europe,IRL,Ireland,2010,4.6,58,58,0,,,,151,23,174,38,0,0,38,3,,,4,,8,0
Europe,ISR,Israel,2010,7.3,60,58,2,,,,65,78,143,39,,7,46,11,,,32,,3,
South-East Asia,IND,India,2010,"1,214.50",100,,,,,,100,4900,5000,30,,270,300,10,,,0,,0,1
Eastern Mediterranean,IRQ,Iraq,2010,31.5,,,,,,,,,,,,,,,,,,,,
Eastern Mediterranean,IRN,Iran (Islamic Republic of),2010,75.1,311,311,0,,,,592,1636,2228,251,0,48,299,82,,,17,,0,4
Europe,ISL,Iceland,2010,0.3,3,,,,,,,5,5,,,,,,,,,,,
Europe,ITA,Italy,2010,60.1,1298,1295,3,,,,1512,182,1694,1002,0,12,1014,273,,,107,,27,6
America,JAM,Jamaica,2010,2.7,,,,,,,,,,,,,,,,,,,,
Eastern Mediterranean,JOR,Jordan,2010,6.5,0,0,0,,,,0,190,190,0,,20,20,0,,,0,,0,
Western Pacific,JPN,Japan,2010,127,105,7,98,,,,189,1123,1312,7,0,464,471,7,,,10,,7,1
Africa,KEN,Kenya,2010,40.9,0,0,0,,,,0,37,,0,0,0,0,0,,,0,,0,0
Europe,KGZ,Kyrgyzstan,2010,5.6,,,,,,,,,,,,,,,,,,,,
Western Pacific,KHM,Cambodia,2010,15.1,,,,,,,,,,,,,,,,,,,,
Western Pacific,KIR,Kiribati,2010,0.1,,,,,,,,,,,,,,,,,,,,
Africa,COM,Comoros,2010,0.7,,,,,,,,,,,,,,,,,,,,
America,KNA,Saint Kitts and Nevis,2010,0,,,,,,,,,,,,,,,,,,,,
South-East Asia,PRK,Democratic People's Republic of Korea,2010,24,,,,,,,,,,,,,,,,,,,,
Western Pacific,KOR,Republic of Korea,2010,48.5,268,264,4,,,,491,796,1287,232,,824,1056,71,,,16,,13,1
Eastern Mediterranean,KWT,Kuwait,2010,3.1,7,7,0,,,,10,60,70,0,0,0,0,0,,,0,,0,0
Europe,KAZ,Kazakhstan,2010,15.8,,,,,,,,,,,,,,,,,,,,
Western Pacific,LAO,Lao People's Democratic Republic ,2010,6.4,,,,,,,,,,,,,,,,,,,,
Eastern Mediterranean,LBN,Lebanon,2010,4.3,2,,,,,,4,70,,1,,,1,0,,,0,,0,0
America,LCA,Saint Lucia,2010,0.2,,,,,,,,,,,,,,,,,,,,
South-East Asia,LKA,Sri Lanka,2010,20.4,,,,,,,,300,300,,,,,,,,,,,
Africa,LBR,Liberia,2010,4.1,,,,,,,,,,,,,,,,,,,,
Africa,LSO,Lesotho,2010,2.1,,,,,,,,,,,,,,,,,,,,
Europe,LTU,Lithuania,2010,3.3,36,36,0,,,,63,8,71,13,0,0,13,10,,,0,,0,0
Europe,LUX,Luxembourg,2010,0.5,3,3,0,,,,6,0,6,3,0,0,3,3,,,2,,0,1
Europe,LVA,Latvia,2010,2.2,34,23,11,,,,64,2,66,0,0,0,0,0,,,0,,0,0
Eastern Mediterranean,LBY,Libyan Arab Jamahiriya,2010,6.5,0,0,0,,,,0,56,56,0,0,0,0,0,,,0,,0,0
Eastern Mediterranean,MAR,Morocco,2010,32.4,5,5,0,,,,0,10,10,0,0,0,0,0,,,0,,0,0
Europe,MCO,Monaco,2010,0,,,,,,,,,,,,,,,,,,,,
Europe,MDA,Republic of Moldova,2010,3.6,0,0,0,,,,0,0,0,0,0,0,0,0,,,0,,0,0
Africa,MDG,Madagascar,2010,20.1,,,,,,,,,,,,,,,,,,,,
Western Pacific,MHL,Marshall Islands,2010,0.6,,,,,,,,,,,,,,,,,,,,
Europe,MKD,The former Yugoslav Republic of Macedonia,2010,2,0,0,0,,,,0,12,12,0,0,0,0,0,,,0,,0,0
Africa,MLI,Mali,2010,13.3,,,,,,,,,,,,,,,,,,,,
South-East Asia,MMR,Myanmar,2010,50.5,1,1,,,,,0,2,2,,0,1,1,,,,,,,
Western Pacific,MNG,Mongolia,2010,2.7,1,1,0,,,,2,8,10,0,0,0,0,0,,,0,,0,0
Africa,MRT,Mauritania,2010,3.4,,,,,,,,,,,,,,,,,,,,
Europe,MLT,Malta,2010,0.4,9,9,0,,,,11,3,14,0,0,0,0,1,,,0,,0,0
Africa,MUS,Mauritius,2010,1.3,0,0,0,,,,0,14,14,0,0,0,0,0,,,0,,0,0
South-East Asia,MDV,Maldives,2010,0.3,0,0,0,,,,0,0,0,0,0,0,0,0,,,0,,0,0
Africa,MWI,Malawi,2010,15.7,,,,,,,,,,,,,,,,,,,,
America,MEX,Mexico,2010,110.6,315,315,0,,,,484,1806,2290,72,,8,80,15,,,0,,2,0
Western Pacific,MYS,Malaysia,2010,27.9,18,18,0,,,,34,32,66,3,,1,4,0,,,1,,0,0
Africa,MOZ,Mozambique,2010,23.4,,,,,,,,,,,,,,,,,,,,
Africa,NAM,Namibia,2010,2.2,,,,,,,,,,,,,,,,,,,,
Africa,NER,Niger,2010,15.9,,,,,,,,,,,,,,,,,,,,
Africa,NGA,Nigeria,2010,158.3,0,0,0,,,,0,26,26,0,0,0,0,0,,,0,,0,0
America,NIC,Nicaragua,2010,5.8,0,0,0,,,,0,10,10,0,0,0,0,0,,,0,,0,0
Europe,NLD,Netherlands,2010,16.7,227,143,84,,,,394,473,867,131,1,4,136,46,,,67,,14,
Europe,NOR,Norway,2010,4.9,102,102,,,,,180,83,263,89,,,89,32,,,32,,14,
South-East Asia,NPL,Nepal,2010,29.9,0,0,0,,,,0,100,100,0,0,0,0,0,,,0,,0,0
Western Pacific,NRU,Nauru,2010,0,,,,,,,,,,,,,,,,,,,,
Western Pacific,NIU,Niue,2010,0,,,,,,,,,,,,,,,,,,,,
Western Pacific,NZL,New Zealand,2010,4.3,38,37,1,,,,52,60,112,30,,6,36,11,,,12,,2,
Eastern Mediterranean,OMN,Oman,2010,2.9,2,,2,,,,2,16,18,,,,,,,,,,,
America,PAN,Panama,2010,3.5,13,,,,,,26,13,39,,,,,,,,,,,
America,PER,Peru,2010,29.5,94,94,,,,,91,85,176,22,,,22,5,,,1,,,
Western Pacific,PNG,Papua New Guinea,2010,6.9,,,,,,,,,,,,,,,,,,,,
Western Pacific,PHL,Philippines,2010,93.6,48,,,,,,48,209,257,0,,0,0,0,,,0,,0,0
Eastern Mediterranean,PAK,Pakistan,2010,184.8,0,0,0,,,,0,855,855,0,0,0,0,0,,,0,,0,0
Europe,POL,Poland,2010,38,509,509,0,,,,949,50,999,217,0,20,237,79,,,12,,19,0
Europe,PRT,Portugal,2010,10.7,323,323,0,,,,522,51,573,208,37,0,245,50,,,10,,14,0
Western Pacific,PLW,Palau,2010,0,,,,,,,,,,,,,,,,,,,,
America,PRY,Paraguay,2010,6.5,12,12,,,,,11,18,29,,,,,1,,,,,,
Eastern Mediterranean,QAT,Qatar,2010,1.5,4,4,0,,,,4,2,6,0,0,0,0,0,,,0,,0,0
Europe,ROU,Romania,2010,21.2,70,70,0,,,,124,88,212,42,0,9,51,7,,,0,,0,0
Europe,SRB,Serbia,2010,9.9,,,,,,,,,,,,,,,,,,,,
Europe,RUS,Russian Federation,2010,140.4,487,281,206,,,,867,170,1037,121,,88,209,97,,,1,,19,
Africa,RWA,Rwanda,2010,10.3,,,,,,,,,,,,,,,,,,,,
Eastern Mediterranean,SAU,Saudi Arabia,2010,26.2,95,94,1,,,,156,349,505,62,0,40,102,19,,,19,,2,0
Western Pacific,SLB,Solomon Islands,2010,0.5,,,,,,,,,,,,,,,,,,,,
Africa,SYC,Seychelles,2010,0.1,,,,,,,,,,,,,,,,,,,,
Eastern Mediterranean,SDN,Sudan,2010,43.2,0,0,0,,,,0,94,94,0,0,0,0,0,,,0,,0,0
Europe,SWE,Sweden,2010,9.3,118,118,0,,,,202,168,370,122,7,8,137,56,,,51,,26,
Western Pacific,SGP,Singapore,2010,4.8,26,23,3,,,,36,25,61,15,0,11,26,3,,,0,,,
Europe,SVN,Slovenia,2010,2,41,41,0,,,,61,0,61,23,0,0,23,19,,,,,1,
Europe,SVK,Slovakia,2010,5.4,91,91,0,,,,162,7,169,33,0,0,33,21,,,0,,0,0
Africa,SLE,Sierra Leone,2010,5.8,,,,,,,,,,,,,,,,,,,,
Europe,SMR,San Marino,2010,0,,,,,,,,,,,,,,,,,,,,
Africa,SEN,Senegal,2010,12.9,,,,,,,,,,,,,,,,,,,,
Eastern Mediterranean,SOM,Somalia,2010,9.4,,,,,,,,,,,,,,,,,,,,
America,SUR,Suriname,2010,0.5,,,,,,,,,,,,,,,,,,,,
Eastern Mediterranean,SSD,South Sudan,2010,10.7,,,,,,,,,,,,,,,,,,,,
Africa,STP,Sao Tome and Principe,2010,0.2,,,,,,,,,,,,,,,,,,,,
America,SLV,El Salvador,2010,6.2,,,,,,,,34,34,,,,,,,,,,,
Eastern Mediterranean,SYR,Syrian Arab Republic,2010,22.5,0,0,0,,,,0,385,385,0,0,0,0,0,,,0,,0,0
Africa,SWZ,Swaziland,2010,1.2,,,,,,,,,,,,,,,,,,,,
Africa,TCD,Chad,2010,11.5,,,,,,,,,,,,,,,,,,,,
Africa,TGO,Togo,2010,6.8,,,,,,,,,,,,,,,,,,,,
South-East Asia,THA,Thailand,2010,68.1,87,87,0,,,,166,185,351,44,,19,63,5,,,0,,0,0
Europe,TJK,Tajikistan,2010,7.1,0,0,0,,,,0,3,3,,,,,,,,,,,
South-East Asia,TLS,Timor-Leste,2010,1.2,,,,,,,,,,,,,,,,,,,,
Europe,TKM,Turkmenistan,2010,5.2,,,,,,,,,,,,,,,,,,,,
Eastern Mediterranean,TUN,Tunisia,2010,10.4,16,16,0,,,,30,102,132,0,0,0,0,0,,,0,,0,0
Western Pacific,TON,Tonga,2010,0.1,,,,,,,,,,,,,,,,,,,,
Europe,TUR,Turkey,2010,75.7,272,272,,,,,395,2107,2402,209,,486,695,86,,,3,,,3
America,TTO,Trinidad and Tobago,2010,1.3,,,,,,,,,,,,,,,,,,,,
Western Pacific,TUV,Tuvalu,2010,0,,,,,,,,,,,,,,,,,,,,
Africa,TZA,United Republic of Tanzania,2010,45,,,,,,,,,,,,,,,,,,,,
Europe,UKR,Ukraine,2010,45.4,,,,,,,,,,,,,,,,,,,,
Africa,UGA,Uganda,2010,33.8,,,,,,,,,,,,,,,,,,,,
America,USA,United States of America,2010,317.6,7943,7000,943,,,,10622,6276,16898,6009,,282,6291,2333,,,1770,,828,151
America,URY,Uruguay,2010,3.4,49,49,0,,,,90,3,93,12,0,0,12,7,,,2,,4,0
Europe,UZB,Uzbekistan,2010,27.8,,,,,,,,,,,,,,,,,,,,
America,VCT,Saint Vincent and the Grenadines,2010,0.1,,,,,,,,,,,,,,,,,,,,
America,VEN,Venezuela (Bolivarian Republic of),2010,29,100,100,0,,,,179,84,263,0,0,8,8,0,,,0,,0,0
Western Pacific,VNM,Viet Nam,2010,89,,,,,,,,,,,,,,,,,,,,
Western Pacific,VUT,Vanuatu,2010,0.2,,,,,,,,,,,,,,,,,,,,
Western Pacific,WSM,Samoa,2010,0.2,,,,,,,,,,,,,,,,,,,,
Eastern Mediterranean,YEM,Yemen,2010,24.3,,,,,,,,,,,,,,,,,,,,
Africa,ZAF,South Africa,2010,50.5,98,98,,,,,135,113,248,36,0,0,36,24,,,4,,12,0
Africa,ZMB,Zambia,2010,13.3,,,,,,,,,,,,,,,,,,,,
Africa,ZWE,Zimbabwe,2010,12.6,,,,,,,,,,,,,,,,,,,,
Europe,AND,Andorra,2011,0.1,,,,,,,,,,,,,,,,,,,,
Eastern Mediterranean,ARE,United Arab Emirates,2011,7.9,0,0,0,0,0,0,0,19,19,0,0,0,0,0,0,0,0,0,0,0
Eastern Mediterranean,AFG,Afghanistan,2011,32.4,,,,,,,,,,,,,,,,,,,,
America,ATG,Antigua and Barbuda,2011,0.1,,,,,,,,,,,,,,,,,,,,
Europe,ALB,Albania,2011,3.2,0,0,0,0,0,0,0,9,9,0,0,0,0,0,0,0,0,0,0,0
Europe,ARM,Armenia,2011,3.1,,,,,,,,,,,,,,,,,,,,
Africa,AGO,Angola,2011,19.6,,,,,,,,,,,,,,,,,,,,
America,ARG,Argentina,2011,40.8,604,604,0,,,,848,249,1097,332,0,32,364,106,26,0,26,75,65,5
Europe,AUT,Austria,2011,8.4,205,199,6,,,,360,55,415,126,0,2,128,51,120,,120,16,16,
Western Pacific,AUS,Australia,2011,22.6,337,251,86,245,84,329,570,255,825,213,0,2,215,66,159,,159,26,26,0
Europe,AZE,Azerbaijan,2011,9.3,0,0,0,0,0,0,0,52,52,0,,31,31,0,0,0,0,0,0,0
Europe,BIH,Bosnia and Herzegovina,2011,3.8,,,,,,,,,,,,,,,,,,,,
America,BRB,Barbados,2011,0.3,,,,,,,,,,,,,,,,,,,,
South-East Asia,BGD,Bangladesh,2011,150.5,,,,,,,,28,28,0,,0,0,0,,,0,,0,0
Europe,BEL,Belgium,2011,10.8,331,267,64,,,,474,40,514,262,2,35,299,51,111,,111,14,11,
Africa,BFA,Burkina Faso,2011,17,,,,,,,,,,,,,,,,,,,,
Europe,BGR,Bulgaria,2011,7.4,4,4,0,,,,8,9,17,3,0,3,6,0,0,0,0,0,0,0
Eastern Mediterranean,BHR,Bahrain,2011,1.3,,,,,,,,,,,,,,,,,,,,
Africa,BDI,Burundi,2011,8.6,,,,,,,,,,,,,,,,,,,,
Africa,BEN,Benin,2011,9.1,,,,,,,,,,,,,,,,,,,,
Western Pacific,BRN,Brunei Darussalam,2011,0.4,,,,,,,,,,,,,,,,,,,,
America,BOL,Bolivia (Plurinational State of),2011,10.1,10,10,0,,,,19,56,75,0,0,0,0,0,0,0,0,0,0,0
America,BRA,Brazil,2011,196.7,2207,2207,0,,,,3314,1643,4957,1392,0,104,1496,160,47,1,48,184,130,0
America,BHS,Bahamas,2011,0.3,,,,,,,,,,,,,,,,,,,,
South-East Asia,BTN,Bhutan,2011,0.7,0,0,0,0,0,0,0,0,0,0,0,0,0,0,0,0,0,0,0,0
Africa,BWA,Botswana,2011,2,,,,,,,,,,,,,,,,,,,,
Europe,BLR,Belarus,2011,9.6,96,96,0,,,,169,6,175,41,0,2,43,21,0,0,0,2,2,0
America,BLZ,Belize,2011,0.3,,,,,,,,,,,,,,,,,,,,
America,CAN,Canada,2011,34.3,531,466,65,,,67,803,433,1236,487,0,,487,157,180,1,181,108,56,2
Africa,COD,Democratic Republic of The Congo,2011,67.8,,,,,,,,,,,,,,,,,,,,
Africa,CAF,Central African Republic,2011,4.5,,,,,,,,,,,,,,,,,,,,
Africa,COG,Congo,2011,4.1,,,,,,,,,,,,,,,,,,,,
Europe,CHE,Switzerland,2011,7.7,100,97,3,,,,181,101,282,100,0,9,109,54,54,0,54,28,14,1
Africa,CIV,Côte d’Ivoire,2011,20.2,,,,,,,,,,,,,,,,,,,,
Western Pacific,COK,Cook Islands,2011,0,,,,,,,,,,,,,,,,,,,,
America,CHL,Chile,2011,17.3,113,113,0,,,,195,44,239,78,0,12,90,32,27,0,27,1,1,0
Africa,CMR,Cameroon,2011,20,0,0,0,0,0,0,0,0,0,0,0,0,0,0,0,0,0,0,0,0
Western Pacific,CHN,China,2011,"1,347.60",,,,,,,4577,963,5540,2082,,62,2144,147,,,33,,,
America,COL,Colombia,2011,46.9,392,392,0,,,,727,71,798,184,0,7,191,82,4,0,4,6,4,3
America,CRI,Costa Rica,2011,4.7,24,,,,,,29,119,148,8,,6,14,6,,,,,,
Europe,MNE,Montenegro,2011,0.6,,,,,,,,,,,,,,,,,,,,
America,CUB,Cuba,2011,11.3,128,128,0,,,,144,2,146,20,0,2,22,2,0,0,0,0,0,0
Africa,CPV,Cape Verde,2011,0.5,,,,,,,,,,,,,,,,,,,,
Europe,CYP,Cyprus,2011,1.1,6,6,0,,,,12,19,31,0,0,0,0,0,0,0,0,0,0,0
Europe,CZE,Czech Republic,2011,10.5,185,184,1,,,,320,40,360,88,0,0,88,68,18,0,18,32,28,0
Europe,DEU,Germany,2011,82.2,1200,1200,0,,,,2055,795,2850,1116,12,71,1199,366,337,0,337,171,154,9
Eastern Mediterranean,DJI,Djibouti,2011,0.9,,,,,,,,,,,,,,,,,,,,
Europe,DNK,Denmark,2011,5.6,73,73,0,,,,135,100,235,51,0,0,51,29,30,0,30,0,0,0
America,DMA,Dominica,2011,0,,,,,,,,,,,,,,,,,,,,
America,DOM,Dominican Republic,2011,10.1,17,17,0,,,,22,23,45,9,0,0,9,0,0,0,0,0,0,0
Africa,DZA,Algeria,2011,36,0,0,0,,,,0,124,124,0,0,6,6,0,0,0,0,0,0,0
America,ECU,Ecuador,2011,14.7,31,31,0,,,,52,30,82,15,0,0,15,2,0,0,0,0,0,0
Europe,EST,Estonia,2011,1.3,22,22,0,,,,40,4,44,8,0,0,8,0,3,0,3,0,0,0
Eastern Mediterranean,EGY,Egypt,2011,82.5,0,0,0,,,,0,1417,1417,0,0,450,450,0,0,0,0,0,0,0
Africa,ERI,Eritrea,2011,5.4,,,,,,,,,,,,,,,,,,,,
Europe,ESP,Spain,2011,46.5,1667,1550,117,,,,2186,312,2498,1103,6,28,1137,237,230,0,230,111,92,9
Africa,ETH,Ethiopia,2011,84.7,0,0,0,0,0,0,0,0,0,0,0,0,0,0,0,0,0,0,0,0
Europe,FIN,Finland,2011,5.4,93,93,0,,,,164,13,177,56,0,0,56,18,23,0,23,1,1,0
Western Pacific,FJI,Fiji,2011,0.9,0,0,0,0,0,0,0,0,0,0,0,0,0,0,0,0,0,0,0,0
Western Pacific,FSM,Micronesia (Federated States of),2011,0.5,,,,,,,,,,,,,,,,,,,,
Europe,FRA,France,2011,63.1,1630,1572,58,,,,2674,302,2976,1131,19,14,1164,410,324,0,324,73,67,10
Africa,GAB,Gabon,2011,1.5,,,,,,,,,,,,,,,,,,,,
Europe,GBR,United Kingdom,2011,62.4,1056,651,405,,,,1726,1026,2752,718,4,37,759,148,191,0,191,236,163,21
America,GRD,Grenada,2011,0.1,,,,,,,,,,,,,,,,,,,,
Europe,GEO,Georgia,2011,4.3,0,0,0,,,,0,17,17,0,0,0,0,0,0,0,0,0,0,0
Africa,GHA,Ghana,2011,25,0,0,0,0,0,0,0,4,4,0,0,0,0,0,0,0,0,0,0,0
Africa,GMB,Gambia,2011,1.8,,,,,,,,,,,,,,,,,,,,
Africa,GIN,Guinea,2011,10.2,,,,,,,,,,,,,,,,,,,,
Africa,GNQ,Equatorial Guinea,2011,0.7,,,,,,,,,,,,,,,,,,,,
Europe,GRC,Greece,2011,11.4,79,,,,,,139,46,185,42,,,42,6,,,,1,1,
America,GTM,Guatemala,2011,14.8,8,8,0,,,,16,86,102,0,0,0,0,0,0,0,0,0,0,0
Africa,GNB,Guinea-Bissau,2011,1.5,,,,,,,,,,,,,,,,,,,,
America,GUY,Guyana,2011,0.8,,,,,,,,,,,,,,,,,,,,
America,HND,Honduras,2011,7.8,,,,,,,,,,,,,,,,,,,,
Europe,HRV,Croatia,2011,4.4,148,148,0,,,,228,9,237,121,,3,124,38,,,,12,10,
America,HTI,Haiti,2011,10.1,,,,,,,,,,,,,,,,,,,,
Europe,HUN,Hungary,2011,10,131,131,0,,,,204,47,251,41,0,0,41,14,0,0,0,10,10,0
South-East Asia,IDN,Indonesia,2011,242.3,0,0,0,,,,0,494,494,0,,2,2,0,,,,,0,0
Europe,IRL,Ireland,2011,4.5,93,92,1,,,,165,27,192,61,0,0,61,6,8,0,8,8,7,
Europe,ISR,Israel,2011,7.6,82,82,0,,,,123,119,242,69,0,6,75,23,59,0,59,12,12,
South-East Asia,IND,India,2011,"1,241.50",391,,,,,,96,4699,4795,87,,783,870,15,,,,,,
Eastern Mediterranean,IRQ,Iraq,2011,32.7,,,,,,,,,,,,,,,,,,,,
Eastern Mediterranean,IRN,Iran (Islamic Republic of),2011,74.8,430,430,0,430,430,0,771,1502,2273,301,,43,344,82,18,0,18,24,12,6
Europe,ISL,Iceland,2011,0.3,2,2,0,,,,0,11,11,,,,,,,,,,,
Europe,ITA,Italy,2011,60.8,1325,1319,6,,,,1540,211,1751,1019,0,15,1034,278,120,0,120,58,41,4
America,JAM,Jamaica,2011,2.8,,,,,,,,,,,,,,,,,,,,
Eastern Mediterranean,JOR,Jordan,2011,6.3,0,0,0,,,,0,190,190,0,,20,20,0,,,0,,0,
Western Pacific,JPN,Japan,2011,126.5,112,44,68,108,44,64,212,1389,1601,41,0,447,488,31,37,14,51,38,32,4
Africa,KEN,Kenya,2011,41.6,0,0,0,0,0,0,0,45,45,0,0,0,0,0,0,0,0,0,0,0
Europe,KGZ,Kyrgyzstan,2011,5.4,0,0,0,0,0,0,0,3,3,0,0,0,0,0,0,0,0,0,0,0
Western Pacific,KHM,Cambodia,2011,14.3,,,,,,,,,,,,,,,,,,,,
Western Pacific,KIR,Kiribati,2011,0,,,,,,,,,,,,,,,,,,,,
Africa,COM,Comoros,2011,0.8,,,,,,,,,,,,,,,,,,,,
America,KNA,Saint Kitts and Nevis,2011,0,,,,,,,,,,,,,,,,,,,,
South-East Asia,PRK,Democratic People's Republic of Korea,2011,24.5,,,,,,,,,,,,,,,,,,,,
Western Pacific,KOR,Republic of Korea,2011,48.4,268,264,4,,,,491,796,1287,232,,824,1056,71,,,16,25,13,1
Eastern Mediterranean,KWT,Kuwait,2011,2.8,9,9,,9,9,0,16,53,69,0,0,0,0,0,0,0,0,0,0,0
Europe,KAZ,Kazakhstan,2011,16.2,,,,,,,,,,,,,,,,,,,,
Western Pacific,LAO,Lao People's Democratic Republic ,2011,6.3,,,,,,,,,,,,,,,,,,,,
Eastern Mediterranean,LBN,Lebanon,2011,4.3,10,10,0,8,8,0,15,65,80,1,0,0,1,6,0,0,0,0,0,0
America,LCA,Saint Lucia,2011,0.2,,,,,,,,,,,,,,,,,,,,
South-East Asia,LKA,Sri Lanka,2011,21,,,,,,,,300,300,,,,,,,,,,,
Africa,LBR,Liberia,2011,4.1,,,,,,,,,,,,,,,,,,,,
Africa,LSO,Lesotho,2011,2.2,,,,,,,,,,,,,,,,,,,,
Europe,LTU,Lithuania,2011,3.3,39,39,0,,,,72,3,75,12,0,0,12,5,1,0,1,3,3,0
Europe,LUX,Luxembourg,2011,0.5,9,,,,,,0,0,0,0,0,0,0,,,,,,,
Europe,LVA,Latvia,2011,2.2,40,27,13,,,,74,3,77,1,0,0,1,3,0,0,0,0,0,0
Eastern Mediterranean,LBY,Libyan Arab Jamahiriya,2011,6.4,,,,,,,,5,5,,,,,,,,,,,
Eastern Mediterranean,MAR,Morocco,2011,32.3,3,3,0,3,3,0,4,14,18,0,0,0,0,0,0,0,0,0,0,0
Europe,MCO,Monaco,2011,0,,,,,,,,,,,,,,,,,,,,
Europe,MDA,Republic of Moldova,2011,3.5,0,0,0,,,,0,1,1,0,0,0,0,0,0,0,0,0,0,0
Africa,MDG,Madagascar,2011,21.3,,,,,,,,,,,,,,,,,,,,
Western Pacific,MHL,Marshall Islands,2011,0.6,,,,,,,,,,,,,,,,,,,,
Europe,MKD,The former Yugoslav Republic of Macedonia,2011,2.1,0,0,0,0,0,0,0,6,6,0,0,1,1,,,,,,,
Africa,MLI,Mali,2011,15.8,,,,,,,,,,,,,,,,,,,,
South-East Asia,MMR,Myanmar,2011,48.3,1,1,,,,,0,2,2,,0,1,1,,,,,,,
Western Pacific,MNG,Mongolia,2011,2.8,4,4,0,4,4,0,4,61,69,0,,7,7,,,,,,,
Africa,MRT,Mauritania,2011,3.5,,,,,,,,,,,,,,,,,,,,
Europe,MLT,Malta,2011,0.4,12,12,0,,,,12,6,18,0,0,0,0,1,0,0,0,0,0,0
Africa,MUS,Mauritius,2011,1.3,0,0,0,,,,0,14,14,0,0,0,0,0,,,0,0,0,0
South-East Asia,MDV,Maldives,2011,0.3,0,0,0,0,0,0,0,0,0,0,0,0,0,0,0,0,0,0,0,0
Africa,MWI,Malawi,2011,15.4,,,,,,,,,,,,,,,,,,,,
America,MEX,Mexico,2011,114.8,356,356,0,,,,579,1889,2468,95,0,5,100,19,0,0,0,0,0,1
Western Pacific,MYS,Malaysia,2011,28.9,23,23,0,22,22,0,40,22,62,7,0,0,7,3,1,0,1,0,0,0
Africa,MOZ,Mozambique,2011,23.9,,,,,,,,,,,,,,,,,,,,
Africa,NAM,Namibia,2011,2.3,,,,,,,,,,,,,,,,,,,,
Africa,NER,Niger,2011,16.1,,,,,,,,,,,,,,,,,,,,
Africa,NGA,Nigeria,2011,162.5,0,0,0,0,0,0,0,28,28,0,0,0,0,0,0,0,0,0,0,0
America,NIC,Nicaragua,2011,5.9,,,,,,,0,10,10,,,,,,,,,,,
Europe,NLD,Netherlands,2011,16.7,227,110,117,,,,420,440,860,125,2,8,135,44,68,0,68,30,20,1
Europe,NOR,Norway,2011,4.9,127,127,0,,,,229,73,302,89,0,0,89,30,28,0,28,20,10,
South-East Asia,NPL,Nepal,2011,30.5,0,0,0,,,,,100,100,0,,0,0,0,,,,,0,0
Western Pacific,NRU,Nauru,2011,0,,,,,,,,,,,,,,,,,,,,
Western Pacific,NIU,Niue,2011,0,,,,,,,,,,,,,,,,,,,,
Western Pacific,NZL,New Zealand,2011,4.4,35,33,2,,,,61,57,118,22,,8,30,12,13,0,13,3,3,
Eastern Mediterranean,OMN,Oman,2011,2.8,0,0,0,0,0,0,0,19,19,0,0,0,0,0,0,0,0,0,0,0
America,PAN,Panama,2011,3.6,24,24,0,,,,48,16,64,6,,0,6,0,0,0,0,0,0,0
America,PER,Peru,2011,29.4,127,127,0,,,,180,33,213,36,0,2,38,8,4,0,4,0,0,0
Western Pacific,PNG,Papua New Guinea,2011,7,,,,,,,,,,,,,,,,,,,,
Western Pacific,PHL,Philippines,2011,94.9,43,43,0,43,43,0,86,299,385,,,,,,,,,,,
Eastern Mediterranean,PAK,Pakistan,2011,176.7,0,0,0,,,,0,855,855,0,0,0,0,,,,,,,
Europe,POL,Poland,2011,38.3,553,553,0,,,,1035,40,1075,282,0,18,300,80,15,0,15,34,33,0
Europe,PRT,Portugal,2011,10.7,301,301,0,,,,483,47,530,193,26,0,219,46,18,0,18,25,25,0
Western Pacific,PLW,Palau,2011,0,,,,,,,,,,,0,,,,,,,,,
America,PRY,Paraguay,2011,6.6,0,0,0,,,,0,14,14,0,0,0,0,0,0,0,0,0,0,0
Eastern Mediterranean,QAT,Qatar,2011,1.9,3,3,0,3,3,0,6,3,9,1,0,0,1,0,0,0,0,0,0,0
Europe,ROU,Romania,2011,21.4,77,74,3,,,,144,75,219,57,0,8,65,7,0,0,0,0,0,0
Europe,SRB,Serbia,2011,9.9,,,,,,,,,,,,,,,,,,,,
Europe,RUS,Russian Federation,2011,142.8,470,283,187,,,,796,179,975,123,,81,204,107,8,0,8,14,13,
Africa,RWA,Rwanda,2011,10.9,,,,,,,,,,,,,,,,,,,,
Eastern Mediterranean,SAU,Saudi Arabia,2011,28.1,73,73,0,73,73,0,122,431,553,49,,115,164,19,11,0,11,1,0,0
Western Pacific,SLB,Solomon Islands,2011,0.5,,,,,,,,,,,,,,,,,,,,
Africa,SYC,Seychelles,2011,0,,,,,,,,,,,,,,,,,,,,
Eastern Mediterranean,SDN,Sudan,2011,44.6,0,0,0,0,0,0,0,119,119,0,0,0,0,0,0,0,0,0,0,0
Europe,SWE,Sweden,2011,9.4,146,146,0,,,,251,184,435,146,3,7,156,52,60,0,60,35,26,2
Western Pacific,SGP,Singapore,2011,5.2,20,18,2,20,18,2,36,31,67,16,0,3,19,2,0,0,0,0,0,0
Europe,SVN,Slovenia,2011,2,31,31,0,,,,46,0,46,20,0,0,20,14,0,0,0,1,1,0
Europe,SVK,Slovakia,2011,5.5,69,69,0,,,,116,13,129,25,0,0,25,19,0,0,0,0,0,0
Africa,SLE,Sierra Leone,2011,6,,,,,,,,,,,,,,,,,,,,
Europe,SMR,San Marino,2011,0,,,,,,,,,,,,,,,,,,,,
Africa,SEN,Senegal,2011,12.8,,,,,,,,,,,,,,,,,,,,
Eastern Mediterranean,SOM,Somalia,2011,9.6,,,,,,,,,,,,,,,,,,,,
America,SUR,Suriname,2011,0.5,,,,,,,,,,,,,,,,,,,,
Eastern Mediterranean,SSD,South Sudan,2011,10.7,,,,,,,,,,,,,,,,,,,,
Africa,STP,Sao Tome and Principe,2011,0.2,,,,,,,,,,,,,,,,,,,,
America,SLV,El Salvador,2011,6.2,0,0,0,,,,0,44,44,0,0,0,0,0,0,0,0,0,0,0
Eastern Mediterranean,SYR,Syrian Arab Republic,2011,20.8,0,0,0,0,0,0,0,363,363,0,0,0,0,0,0,0,0,0,0,0
Africa,SWZ,Swaziland,2011,1.2,,,,,,,,,,,,,,,,,,,,
Africa,TCD,Chad,2011,11.5,,,,,,,,,,,,,,,,,,,,
Africa,TGO,Togo,2011,6.2,,,,,,,,,,,,,,,,,,,,
South-East Asia,THA,Thailand,2011,69.5,113,113,0,109,109,0,202,198,400,63,,17,80,8,1,0,1,2,2,0
Europe,TJK,Tajikistan,2011,7,0,0,0,0,0,0,0,43,43,0,0,0,0,0,0,0,0,0,0,0
South-East Asia,TLS,Timor-Leste,2011,1.2,,,,,,,,,,,,,,,,,,,,
Europe,TKM,Turkmenistan,2011,5.1,,,,,,,,,,,,,,,,,,,,
Eastern Mediterranean,TUN,Tunisia,2011,10.6,6,6,0,6,6,0,11,99,110,0,0,0,0,1,0,0,0,0,0,0
Western Pacific,TON,Tonga,2011,0.1,,,,,,,,,,,,,,,,,,,,
Europe,TUR,Turkey,2011,73.6,311,311,0,,,,521,2421,2942,281,,623,904,93,5,,5,26,,1
America,TTO,Trinidad and Tobago,2011,1.3,,,,,,,,,,,,,,,,,,,,
Western Pacific,TUV,Tuvalu,2011,0,,,,,,,,,,,,,,,,,,,,
Africa,TZA,United Republic of Tanzania,2011,46.2,,,,,,,,,,,,,,,,,,,,
Europe,UKR,Ukraine,2011,45.2,,,,,,,,,,,,,,,,,,,,
Africa,UGA,Uganda,2011,34.5,,,,,,,,,,,,,,,,,,,,
America,USA,United States of America,2011,313.1,8126,7069,1057,,,,11838,5772,17610,6084,11,247,6342,2349,1848,1,1850,1082,795,129
America,URY,Uruguay,2011,3.4,68,68,0,,,,128,4,132,24,0,0,24,8,1,0,1,5,5,0
Europe,UZB,Uzbekistan,2011,27.8,,,,,,,,,,,,,,,,,,,,
America,VCT,Saint Vincent and the Grenadines,2011,0.1,,,,,,,,,,,,,,,,,,,,
America,VEN,Venezuela (Bolivarian Republic of),2011,29.4,112,112,0,,,,205,93,298,0,0,8,8,0,0,0,0,0,0,0
Western Pacific,VNM,Viet Nam,2011,88.8,,,,,,,,,,,,,,,,,,,,
Western Pacific,VUT,Vanuatu,2011,0.2,,,,,,,,,,,,,,,,,,,,
Western Pacific,WSM,Samoa,2011,0.2,,,,,,,,,,,,,,,,,,,,
Eastern Mediterranean,YEM,Yemen,2011,24.8,,,,,,,,,,,,,,,,,,,,
Africa,ZAF,South Africa,2011,50.5,77,77,0,77,77,0,154,119,273,30,,,30,28,4,,4,11,8,0
Africa,ZMB,Zambia,2011,13.5,,,,,,,,,,,,,,,,,,,,
Africa,ZWE,Zimbabwe,2011,12.8,,,,,,,,,,,,,,,,,,,,
Europe,AND,Andorra,2012,0.1,,,,,,,,,,,,,,,,,,,,
Eastern Mediterranean,ARE,United Arab Emirates,2012,8.1,1,1,0,1,1,0,1,19,20,0,0,0,0,0,0,0,0,0,0,0
Eastern Mediterranean,AFG,Afghanistan,2012,33.4,,,,,,,,,,,,,,,,,,,,
America,ATG,Antigua and Barbuda,2012,0.1,,,,,,,,,,,,,,,,,,,,
Europe,ALB,Albania,2012,3.2,0,0,0,0,0,0,0,5,5,0,0,0,0,0,0,0,0,0,0,0
Europe,ARM,Armenia,2012,3.1,0,0,0,,,,0,9,9,0,0,0,0,0,0,0,0,0,0,0
Africa,AGO,Angola,2012,20.2,,,,,,,,,,,,,,,,,,,,
America,ARG,Argentina,2012,41.1,630,630,0,,,,901,283,1184,357,0,26,383,111,32,0,32,68,63,5
Europe,AUT,Austria,2012,8.4,198,194,4,,,,360,63,423,126,0,0,126,62,124,0,124,14,12,0
Western Pacific,AUS,Australia,2012,22.9,354,277,77,,,,606,237,843,227,0,4,231,76,148,0,148,38,38,1
Europe,AZE,Azerbaijan,2012,9.4,0,0,0,0,0,0,0,45,45,0,0,16,16,0,0,0,0,0,0,0
Europe,BIH,Bosnia and Herzegovina,2012,3.7,,,,,,,,,,,,,,,,,,,,
America,BRB,Barbados,2012,0.3,,,,,,,,,,,,,,,,,,,,
South-East Asia,BGD,Bangladesh,2012,152.4,,,,,,,,28,28,0,,0,,0,,,0,,0,0
Europe,BEL,Belgium,2012,10.8,326,255,71,,,,480,57,537,250,2,30,282,77,129,0,129,13,10,
Africa,BFA,Burkina Faso,2012,17.5,,,,,,,,,,,,,,,,,,,,
Europe,BGR,Bulgaria,2012,7.4,2,2,0,,,,4,9,13,2,0,2,4,2,0,0,0,0,0,0
Eastern Mediterranean,BHR,Bahrain,2012,1.4,,,,,,,,,,,,,,,,,,,,
Africa,BDI,Burundi,2012,8.7,,,,,,,,,,,,,,,,,,,,
Africa,BEN,Benin,2012,9.4,,,,,,,,,,,,,,,,,,,,
Western Pacific,BRN,Brunei Darussalam,2012,0.4,,,,,,,,,,,,,,,,,,,,
America,BOL,Bolivia (Plurinational State of),2012,10.2,10,10,0,,,,19,56,75,0,0,0,0,0,0,0,0,0,0,0
America,BRA,Brazil,2012,198.4,2451,2451,0,,,,4051,1336,5387,1470,,106,1576,227,81,0,81,151,122,0
America,BHS,Bahamas,2012,0.4,,,,,,,,,,,,,,,,,,,,
South-East Asia,BTN,Bhutan,2012,0.8,0,0,0,0,0,0,0,0,0,0,,0,0,0,0,0,0,0,0,0
Africa,BWA,Botswana,2012,2.1,,,,,,,,,,,,,,,,,,,,
Europe,BLR,Belarus,2012,9.5,106,106,0,,,,174,27,201,50,0,2,52,21,0,0,,0,0,
America,BLZ,Belize,2012,0.3,,,,,,,,,,,,,,,,,,,,
America,CAN,Canada,2012,34.7,542,460,82,,,,850,471,1321,410,,78,488,172,194,0,194,72,44,0
Africa,COD,Democratic Republic of The Congo,2012,69.6,,,,,,,,,,,,,,,,,,,,
Africa,CAF,Central African Republic,2012,4.6,,,,,,,,,,,,,,,,,,,,
Africa,COG,Congo,2012,4.2,,,,,,,,,,,,,,,,,,,,
Europe,CHE,Switzerland,2012,7.7,96,89,7,,,,155,96,251,95,0,5,100,35,52,0,52,29,15,1
Africa,CIV,Côte d’Ivoire,2012,20.6,,,,,,,,,,,,,,,,,,,,
Western Pacific,COK,Cook Islands,2012,0,,,,,,,,,,,,,,,,,,,,
America,CHL,Chile,2012,17.4,149,149,0,,,,204,70,274,78,0,7,85,22,23,0,23,1,1,0
Africa,CMR,Cameroon,2012,20.5,0,0,0,0,0,0,0,0,0,0,0,0,0,0,0,0,0,0,0,0
Western Pacific,CHN,China,2012,"1,353.60",,,,,,,4577,963,5540,2082,,62,2144,147,,,33,,,
America,COL,Colombia,2012,47.6,373,373,0,,,,693,89,782,211,0,5,216,101,13,0,13,5,5,5
America,CRI,Costa Rica,2012,4.8,15,15,0,,,,24,111,135,7,0,2,9,0,,0,0,0,0,0
Europe,MNE,Montenegro,2012,0.6,,,,,,,,,,,,,,,,,,,,
America,CUB,Cuba,2012,11.2,111,111,0,,,,120,12,132,14,0,0,14,2,,0,0,0,0,0
Africa,CPV,Cape Verde,2012,0.5,,,,,,,,,,,,,,,,,,,,
Europe,CYP,Cyprus,2012,1.1,4,4,0,,,,5,24,29,0,0,0,0,0,0,0,0,1,1,0
Europe,CZE,Czech Republic,2012,10.6,216,214,2,,,,361,71,432,113,0,1,114,73,20,0,20,26,23,0
Europe,DEU,Germany,2012,82,1047,1047,0,,,,1820,766,2586,1017,2,78,1097,346,357,4,361,161,141,
Eastern Mediterranean,DJI,Djibouti,2012,0.9,,,,,,,,,,,,,,,,,,,,
Europe,DNK,Denmark,2012,5.6,76,76,0,,,,137,77,214,48,0,,48,26,30,0,30,0,0,0
America,DMA,Dominica,2012,0.1,,,,,,,,,,,,,,,,,,,,
America,DOM,Dominican Republic,2012,10.2,17,17,0,,,,21,25,46,6,0,0,6,2,,0,0,0,0,0
Africa,DZA,Algeria,2012,36.5,1,1,0,,,,2,117,119,0,0,2,2,0,0,0,0,0,0,0
America,ECU,Ecuador,2012,14.9,54,54,0,,,,89,25,114,13,0,0,13,0,,0,0,1,1,0
Europe,EST,Estonia,2012,1.3,32,32,0,,,,57,2,59,9,0,0,9,0,2,0,9,0,0,0
Eastern Mediterranean,EGY,Egypt,2012,84,0,0,0,,,,0,1417,1417,0,0,450,450,0,0,0,0,0,0,0
Africa,ERI,Eritrea,2012,5.6,,,,,,,,,,,,,,,,,,,,
Europe,ESP,Spain,2012,46.8,1643,1482,161,,,,2190,361,2551,1048,8,28,1084,247,238,0,238,83,56,8
Africa,ETH,Ethiopia,2012,86.5,0,0,0,0,0,0,0,0,0,0,,0,0,0,0,0,0,0,0,0
Europe,FIN,Finland,2012,5.4,108,108,0,,,,188,11,199,52,0,0,52,23,27,0,27,8,8,2
Western Pacific,FJI,Fiji,2012,0.9,0,0,0,0,0,0,0,0,0,0,0,0,0,0,0,0,0,0,0,0
Western Pacific,FSM,Micronesia (Federated States of),2012,0.1,,,,,,,,,,,,,,,,,,,,
Europe,FRA,France,2012,63.5,1642,1589,53,,,,2687,357,3044,1144,8,9,1161,417,342,0,342,72,58,7
Africa,GAB,Gabon,2012,1.6,,,,,,,,,,,,,,,,,,,,
Europe,GBR,United Kingdom,2012,62.8,1164,660,504,,,,1867,1032,2899,777,3,36,816,142,182,0,182,254,172,15
America,GRD,Grenada,2012,0.1,,,,,,,,,,,,,,,,,,,,
Europe,GEO,Georgia,2012,4.3,0,0,0,,,,0,15,15,0,0,0,0,0,0,0,0,0,0,
Africa,GHA,Ghana,2012,25.5,0,0,0,0,0,0,0,3,3,0,0,0,0,0,0,0,0,0,0,0
Africa,GMB,Gambia,2012,1.8,,,,,,,,,,,,,,,,,,,,
Africa,GIN,Guinea,2012,10.5,,,,,,,,,,,,,,,,,,,,
Africa,GNQ,Equatorial Guinea,2012,0.7,,,,,,,,,,,,,,,,,,,,
Europe,GRC,Greece,2012,11.4,77,77,0,,,,130,41,171,47,0,0,47,18,0,0,0,0,0,0
America,GTM,Guatemala,2012,15.1,5,5,0,,,,8,84,92,0,0,0,0,0,,0,0,0,0,0
Africa,GNB,Guinea-Bissau,2012,1.6,,,,,,,,,,,,,,,,,,,,
America,GUY,Guyana,2012,0.8,,,,,,,,,,,,,,,,,,,,
America,HND,Honduras,2012,7.9,,,,,,,,,,,,,,,,,,,,
Europe,HRV,Croatia,2012,4.4,153,153,0,,,,222,9,231,124,0,4,128,44,0,0,0,8,8,0
America,HTI,Haiti,2012,10.3,,,,,,,,,,,,,,,,,,,,
Europe,HUN,Hungary,2012,9.9,143,143,0,,,,223,53,276,41,0,0,41,33,0,0,0,6,6,0
South-East Asia,IDN,Indonesia,2012,244.8,0,0,0,,,,0,494,494,0,,2,2,0,,,,,0,0
Europe,IRL,Ireland,2012,4.6,78,75,3,,,,131,32,163,50,0,0,50,10,14,0,14,1,1,
Europe,ISR,Israel,2012,7.7,57,57,0,,,,66,108,174,42,1,7,50,14,38,0,38,7,6,0
South-East Asia,IND,India,2012,"1,258.40",391,,,,,,96,4699,4795,87,,783,870,15,,,,,,
Eastern Mediterranean,IRQ,Iraq,2012,33.7,,,,,,,,,,,,,,,,,,,,
Eastern Mediterranean,IRN,Iran (Islamic Republic of),2012,75.6,528,528,0,528,528,0,914,1506,2420,450,0,34,484,77,13,0,13,33,17,11
Europe,ISL,Iceland,2012,0.3,3,3,0,,,,0,6,6,0,0,0,0,0,0,0,,0,0,0
Europe,ITA,Italy,2012,61,1337,1332,5,,,,1593,193,1786,986,0,15,1001,231,114,0,114,67,53,0
America,JAM,Jamaica,2012,2.8,,,,,,,,,,,,,,,,,,,,
Eastern Mediterranean,JOR,Jordan,2012,6.5,0,0,0,,,,0,190,190,0,,20,20,0,,,0,,0,
Western Pacific,JPN,Japan,2012,126.4,110,45,65,110,45,65,193,1412,1605,41,0,382,423,28,33,11,44,27,18,0
Africa,KEN,Kenya,2012,42.7,0,0,0,0,0,0,0,36,36,0,0,0,0,0,0,0,0,0,0,0
Europe,KGZ,Kyrgyzstan,2012,5.4,0,0,0,0,0,0,0,3,3,0,0,0,0,0,0,0,0,0,0,0
Western Pacific,KHM,Cambodia,2012,14.5,,,,,,,,,,,,,,,,,,,,
Western Pacific,KIR,Kiribati,2012,0.1,,,,,,,,,,,,,,,,,,,,
Africa,COM,Comoros,2012,0.8,,,,,,,,,,,,,,,,,,,,
America,KNA,Saint Kitts and Nevis,2012,0.1,,,,,,,,,,,,,,,,,,,,
South-East Asia,PRK,Democratic People's Republic of Korea,2012,24.6,,,,,,,,,,,,,,,,,,,,
Western Pacific,KOR,Republic of Korea,2012,48.6,459,458,1,409,408,1,768,1015,1783,363,0,897,1260,107,37,0,37,34,20,0
Eastern Mediterranean,KWT,Kuwait,2012,2.9,18,18,,18,18,,30,40,70,,,,,,,,,3,3,
Europe,KAZ,Kazakhstan,2012,16.4,4,4,0,4,4,0,5,145,150,3,0,12,15,2,0,0,0,1,0,0
Western Pacific,LAO,Lao People's Democratic Republic ,2012,6.4,,,,,,,,,,,,,,,,,,,,
Eastern Mediterranean,LBN,Lebanon,2012,4.3,10,10,0,6,6,0,12,,,0,0,0,0,6,0,0,0,0,0,0
America,LCA,Saint Lucia,2012,0.2,,,,,,,,,,,,,,,,,,,,
South-East Asia,LKA,Sri Lanka,2012,21.2,,,,,,,,300,300,,,,,,,,,,,
Africa,LBR,Liberia,2012,4.2,,,,,,,,,,,,,,,,,,,,
Africa,LSO,Lesotho,2012,2.2,,,,,,,,,,,,,,,,,,,,
Europe,LTU,Lithuania,2012,3.3,41,41,0,,,,76,12,88,15,0,0,15,9,3,0,3,0,0,0
Europe,LUX,Luxembourg,2012,0.5,4,4,0,,,,,,,,,,,,,,,,,
Europe,LVA,Latvia,2012,2.2,38,23,15,,,,65,5,70,0,0,0,0,1,0,0,0,0,0,0
Eastern Mediterranean,LBY,Libyan Arab Jamahiriya,2012,6.5,,,,,,,,5,5,,,,,,,,,,,
Eastern Mediterranean,MAR,Morocco,2012,32.6,,,,,,,,,,,,,,,,,,,,
Europe,MCO,Monaco,2012,0,,,,,,,,,,,,,,,,,,,,
Europe,MDA,Republic of Moldova,2012,3.5,0,0,0,,,,0,4,4,0,0,0,0,0,0,0,0,0,0,0
Africa,MDG,Madagascar,2012,21.9,,,,,,,,,,,,,,,,,,,,
Western Pacific,MHL,Marshall Islands,2012,0.6,,,,,,,,,,,,,,,,,,,,
Europe,MKD,The former Yugoslav Republic of Macedonia,2012,2.1,0,0,0,,,,0,28,28,0,0,0,0,0,0,0,0,0,0,0
Africa,MLI,Mali,2012,16.3,0,0,0,0,0,0,0,0,0,0,0,0,0,0,0,0,0,0,0,0
South-East Asia,MMR,Myanmar,2012,48.7,1,1,,,,,0,2,2,,0,1,1,,,,,,,
Western Pacific,MNG,Mongolia,2012,2.8,0,0,0,0,0,0,0,12,12,0,0,5,5,0,0,0,0,0,0,0
Africa,MRT,Mauritania,2012,3.6,,,,,,,,,,,,,,,,,,,,
Europe,MLT,Malta,2012,0.4,12,12,0,,,,8,1,9,,0,0,0,0,0,0,0,0,0,0
Africa,MUS,Mauritius,2012,1.3,0,0,0,,,,0,14,14,0,0,0,0,0,,,0,0,0,0
South-East Asia,MDV,Maldives,2012,0.3,0,0,0,0,0,0,0,0,0,0,0,0,0,0,0,0,0,0,0,0
Africa,MWI,Malawi,2012,15.9,,,,,,,,,,,,,,,,,,,,
America,MEX,Mexico,2012,116.1,413,411,2,,,,698,1948,2646,98,0,8,106,43,1,0,1,1,1,0
Western Pacific,MYS,Malaysia,2012,29.3,18,18,0,18,18,0,29,22,51,7,0,0,7,0,0,0,0,0,0,0
Africa,MOZ,Mozambique,2012,24.5,,,,,,,,,,,,,,,,,,,,
Africa,NAM,Namibia,2012,2.4,,,,,,,,,,,,,,,,,,,,
Africa,NER,Niger,2012,16.6,,,,,,,,,,,,,,,,,,,,
Africa,NGA,Nigeria,2012,166.6,0,0,0,0,0,0,0,40,40,0,0,0,0,0,0,0,0,0,0,0
America,NIC,Nicaragua,2012,6,0,,0,0,0,0,0,11,11,0,0,0,0,0,,0,0,0,0,0
Europe,NLD,Netherlands,2012,16.7,256,128,128,,,,476,485,961,141,1,4,146,37,80,0,80,28,25,
Europe,NOR,Norway,2012,5,117,117,0,,,,218,81,299,100,0,0,100,32,28,0,28,28,11,0
South-East Asia,NPL,Nepal,2012,31,0,0,0,,,,,100,100,0,,0,0,0,,,,,0,0
Western Pacific,NRU,Nauru,2012,0,,,,,,,,,,,,,,,,,,,,
Western Pacific,NIU,Niue,2012,0,,,,,,,,,,,,,,,,,,,,
Western Pacific,NZL,New Zealand,2012,4.5,38,38,0,,,,54,54,108,32,0,3,35,12,12,0,12,3,3,0
Eastern Mediterranean,OMN,Oman,2012,2.9,0,0,0,0,0,0,0,18,18,0,0,0,0,0,0,0,0,0,0,0
America,PAN,Panama,2012,3.6,24,24,0,,,,45,15,60,0,0,5,5,0,0,0,0,0,0,0
America,PER,Peru,2012,29.7,94,94,0,,,,138,22,160,27,0,0,27,8,3,0,3,0,0,0
Western Pacific,PNG,Papua New Guinea,2012,7.2,,,,,,,,,,,,,,,,,,,,
Western Pacific,PHL,Philippines,2012,96.5,43,43,0,43,43,0,86,299,385,,,,,,,,,,,
Eastern Mediterranean,PAK,Pakistan,2012,180,0,0,0,,,,0,855,855,0,0,0,0,,,,,,,
Europe,POL,Poland,2012,38.3,615,615,0,,,,1094,51,1145,314,0,14,328,79,16,0,16,43,34,0
Europe,PRT,Portugal,2012,10.7,252,252,0,,,,382,47,429,130,10,0,140,30,14,0,14,20,17,0
Western Pacific,PLW,Palau,2012,0,,,,,,,,,,,,,,,,,,,,
America,PRY,Paraguay,2012,6.7,50,50,0,,,,33,14,47,0,0,0,0,3,0,0,0,0,0,0
Eastern Mediterranean,QAT,Qatar,2012,1.9,3,3,0,3,3,0,6,3,9,1,0,0,1,0,0,0,0,0,0,0
Europe,ROU,Romania,2012,21.4,65,64,1,,,,124,53,177,55,0,20,75,2,0,0,0,0,0,0
Europe,SRB,Serbia,2012,9.8,,,,,,,,,,,,,,,,,,,,
Europe,RUS,Russian Federation,2012,142.7,412,291,121,,,,746,195,941,139,0,104,243,132,7,0,7,23,22,0
Africa,RWA,Rwanda,2012,11.3,,,,,,,,,,,,,,,,,,,,
Eastern Mediterranean,SAU,Saudi Arabia,2012,28.7,83,83,0,80,80,0,118,506,624,50,0,96,146,22,14,0,14,0,0,0
Western Pacific,SLB,Solomon Islands,2012,0.6,,,,,,,,,,,,,,,,,,,,
Africa,SYC,Seychelles,2012,0.1,,,,,,,,,,,,,,,,,,,,
Eastern Mediterranean,SDN,Sudan,2012,35,0,0,0,0,0,0,0,165,165,0,0,0,0,0,0,0,0,0,0,0
Europe,SWE,Sweden,2012,9.5,143,143,0,,,,243,155,398,142,4,7,153,47,60,0,60,28,10,2
Western Pacific,SGP,Singapore,2012,5.3,15,15,0,15,15,0,23,24,47,11,,11,22,2,1,,1,1,1,
Europe,SVN,Slovenia,2012,2,47,47,0,,,,62,0,62,27,0,0,27,28,0,0,0,0,0,0
Europe,SVK,Slovakia,2012,5.5,71,71,0,,,,130,3,133,29,0,0,29,20,0,0,0,0,0,0
Africa,SLE,Sierra Leone,2012,6.1,,,,,,,,,,,,,,,,,,,,
Europe,SMR,San Marino,2012,0,,,,,,,,,,,,,,,,,,,,
Africa,SEN,Senegal,2012,13.1,0,0,0,0,0,0,0,0,0,0,0,0,0,0,0,0,0,0,0,0
Eastern Mediterranean,SOM,Somalia,2012,9.8,,,,,,,,,,,,,,,,,,,,
America,SUR,Suriname,2012,0.5,,,,,,,,,,,,,,,,,,,,
Eastern Mediterranean,SSD,South Sudan,2012,10.7,,,,,,,,,,,,,,,,,,,,
Africa,STP,Sao Tome and Principe,2012,0.2,,,,,,,,,,,,,,,,,,,,
America,SLV,El Salvador,2012,6.3,0,0,0,,,,0,44,44,0,0,0,0,0,0,0,0,0,0,0
Eastern Mediterranean,SYR,Syrian Arab Republic,2012,21.1,0,0,0,0,0,0,0,257,257,0,0,0,0,0,0,0,0,0,0,0
Africa,SWZ,Swaziland,2012,1.2,,,,,,,,,,,,,,,,,,,,
Africa,TCD,Chad,2012,11.8,,,,,,,,,,,,,,,,,,,,
Africa,TGO,Togo,2012,6.3,,,,,,,,,,,,,,,,,,,,
South-East Asia,THA,Thailand,2012,69.9,136,136,0,131,131,0,250,214,464,73,0,,73,13,0,0,0,2,2,0
Europe,TJK,Tajikistan,2012,7.1,0,0,0,0,0,0,0,43,43,0,0,0,0,0,0,0,0,0,0,0
South-East Asia,TLS,Timor-Leste,2012,1.2,,,,,,,,,,,,,,,,,,,,
Europe,TKM,Turkmenistan,2012,5.2,,,,,,,,,,,,,,,,,,,,
Eastern Mediterranean,TUN,Tunisia,2012,10.7,1,1,0,1,1,0,2,122,124,1,0,1,2,0,0,0,0,0,0,0
Western Pacific,TON,Tonga,2012,0.1,,,,,,,,,,,,,,,,,,,,
Europe,TUR,Turkey,2012,74.5,345,,,,,,524,2381,2905,264,1,736,1001,61,25,0,25,6,,5
America,TTO,Trinidad and Tobago,2012,1.4,,,,,,,,,,,,,,,,,,,,
Western Pacific,TUV,Tuvalu,2012,0,,,,,,,,,,,,,,,,,,,,
Africa,TZA,United Republic of Tanzania,2012,47.7,,,,,,,,,,,,,,,,,,,,
Europe,UKR,Ukraine,2012,44.9,4,4,0,,,,4,115,119,1,,12,13,,,,,,,
Africa,UGA,Uganda,2012,35.6,,,,,,,,,,,,,,,,,,,,
America,USA,United States of America,2012,315.8,8143,7036,1107,,,,11669,5617,17286,6010,10,236,6256,2407,1782,1,1783,1043,801,106
America,URY,Uruguay,2012,3.4,54,54,0,,,,96,3,99,17,0,0,17,7,6,0,6,5,5,1
Europe,UZB,Uzbekistan,2012,28.1,,,,,,,,,,,,,,,,,,,,
America,VCT,Saint Vincent and the Grenadines,2012,0.1,,,,,,,,,,,,,,,,,,,,
America,VEN,Venezuela (Bolivarian Republic of),2012,29.9,140,140,0,,,,240,99,339,1,0,8,9,0,0,0,0,0,0,0
Western Pacific,VNM,Viet Nam,2012,89.7,,,,,,,,,,,,,,,,,,,,
Western Pacific,VUT,Vanuatu,2012,0.3,,,,,,,,,,,,,,,,,,,,
Western Pacific,WSM,Samoa,2012,0.2,,,,,,,,,,,,,,,,,,,,
Eastern Mediterranean,YEM,Yemen,2012,25.6,,,,,,,,,,,,,,,,,,,,
Africa,ZAF,South Africa,2012,50.7,104,102,2,104,102,2,205,123,328,35,0,0,35,24,8,0,8,8,8,0
Africa,ZMB,Zambia,2012,13.9,,,,,,,,,,,,,,,,,,,,
Africa,ZWE,Zimbabwe,2012,13,,,,,,,,,,,,,,,,,,,,
Europe,AND,Andorra,2013,0.1,,,,,,,,,,,,,,,,,,,,
Eastern Mediterranean,ARE,United Arab Emirates,2013,9.3,0,0,0,0,0,0,1,27,28,0,0,0,0,0,0,0,0,0,0,0
Eastern Mediterranean,AFG,Afghanistan,2013,30.6,,,,,,,,,,,,,,,,,,,,
America,ATG,Antigua and Barbuda,2013,0.1,,,,,,,,,,,,,,,,,,,,
Europe,ALB,Albania,2013,3.2,,,,,,,,9,9,,,3,3,,,,,,,
Europe,ARM,Armenia,2013,3,0,0,0,0,0,0,0,9,9,0,0,0,0,0,0,0,0,0,0,0
Africa,AGO,Angola,2013,21.5,,,,,,,,,,,,,,,,,,,,
America,ARG,Argentina,2013,41.4,568,568,0,516,516,0,874,400,1274,323,0,29,352,100,36,0,36,76,74,6
Europe,AUT,Austria,2013,8.5,208,203,5,187,184,3,347,74,421,130,0,2,132,64,128,0,128,19,16,0
Western Pacific,AUS,Australia,2013,23.3,391,305,86,362,285,77,630,251,881,248,1,1,250,79,169,0,169,33,33,0
Europe,AZE,Azerbaijan,2013,9.4,0,0,0,0,0,0,0,66,66,,,21,21,0,0,0,0,0,0,0
Europe,BIH,Bosnia and Herzegovina,2013,3.8,1,1,0,1,1,0,2,13,15,,,,,,,,,,,
America,BRB,Barbados,2013,0.3,,,,,,,,,,,,,,,,,,,,
South-East Asia,BGD,Bangladesh,2013,156.6,,,,,,,,28,28,0,,0,,0,,,0,,0,0
Europe,BEL,Belgium,2013,11.1,324,246,78,306,241,65,437,63,500,250,0,42,292,75,101,0,101,8,6,0
Africa,BFA,Burkina Faso,2013,16.9,,,,,,,,,,,,,,,,,,,,
Europe,BGR,Bulgaria,2013,7.2,21,21,0,10,10,0,17,11,28,7,0,0,7,4,,,,,,
Eastern Mediterranean,BHR,Bahrain,2013,1.3,,,,,,,,,,,,,,,,,,,,
Africa,BDI,Burundi,2013,10.2,,,,,,,,,,,,,,,,,,,,
Africa,BEN,Benin,2013,10.3,,,,,,,,,,,,,,,,,,,,
Western Pacific,BRN,Brunei Darussalam,2013,0.4,,,,,,,,,,,,,,,,,,,,
America,BOL,Bolivia (Plurinational State of),2013,10.7,10,10,0,,,,19,56,75,0,0,0,0,0,0,0,0,0,0,0
America,BRA,Brazil,2013,200.4,2541,2541,0,2418,2418,0,4226,1183,5409,1595,,131,1726,268,130,4,134,163,121,1
America,BHS,Bahamas,2013,0.4,,,,,,,,,,,,,,,,,,,,
South-East Asia,BTN,Bhutan,2013,0.8,0,0,0,0,0,0,0,0,0,0,0,0,0,0,0,0,0,0,0,0
Africa,BWA,Botswana,2013,2,,,,,,,,,,,,,,,,,,,,
Europe,BLR,Belarus,2013,9.4,170,170,0,165,165,0,286,24,310,62,0,4,66,40,0,0,0,3,3,0
America,BLZ,Belize,2013,0.3,,,,,,,,,,,,,,,,,,,,
America,CAN,Canada,2013,35.2,552,,,552,,66,,,1342,,,,499,208,,,314,77,,0
Africa,COD,Democratic Republic of The Congo,2013,67.5,,,,,,,,,,,,,,,,,,,,
Africa,CAF,Central African Republic,2013,4.6,,,,,,,,,,,,,,,,,,,,
Africa,COG,Congo,2013,4.4,,,,,,,,,,,,,,,,,,,,
Europe,CHE,Switzerland,2013,8.1,110,98,12,103,91,12,169,109,278,105,1,4,109,33,45,0,45,29,16,1
Africa,CIV,Côte d’Ivoire,2013,20.3,,,,,,,,,,,,,,,,,,,,
Western Pacific,COK,Cook Islands,2013,0,,,,,,,,,,,,,,,,,,,,
America,CHL,Chile,2013,17.6,103,103,0,101,101,0,175,69,244,69,0,7,76,31,31,0,31,0,0,0
Africa,CMR,Cameroon,2013,22.3,0,0,0,0,0,0,0,0,0,0,0,0,0,0,0,0,0,0,0,0
Western Pacific,CHN,China,2013,"1,385.60",,,,,,,4577,963,5540,2082,,62,2144,147,,,33,,,
America,COL,Colombia,2013,48.3,329,329,0,323,323,0,587,105,692,178,0,13,191,82,8,0,8,4,3,2
America,CRI,Costa Rica,2013,4.9,22,22,0,22,22,0,,116,116,,,,9,1,,,,,,
Europe,MNE,Montenegro,2013,0.6,1,1,0,1,1,0,1,9,10,,,,,,,,,,,
America,CUB,Cuba,2013,11.3,94,94,0,89,89,0,108,20,128,19,0,3,22,2,0,0,0,0,0,0
Africa,CPV,Cape Verde,2013,0.5,,,,,,,,,,,,,,,,,,,,
Europe,CYP,Cyprus,2013,1.1,6,6,0,6,6,0,9,22,31,0,0,0,0,0,0,0,0,0,0,0
Europe,CZE,Czech Republic,2013,10.7,218,217,1,206,205,1,377,83,460,119,0,0,119,68,17,0,17,35,30,0
Europe,DEU,Germany,2013,82.7,875,875,0,865,865,0,1547,725,2272,884,3,83,970,313,371,0,371,128,106,
Eastern Mediterranean,DJI,Djibouti,2013,0.9,,,,,,,,,,,,,,,,,,,,
Europe,DNK,Denmark,2013,5.6,58,58,0,,,,108,107,215,42,0,0,42,17,31,0,31,0,0,0
America,DMA,Dominica,2013,0.1,,,,,,,,,,,,,,,,,,,,
America,DOM,Dominican Republic,2013,10.4,17,17,0,16,16,0,23,27,50,4,0,0,4,1,0,0,0,0,0,0
Africa,DZA,Algeria,2013,39.2,0,0,0,0,0,0,0,137,137,0,0,1,1,0,0,0,0,0,0,0
America,ECU,Ecuador,2013,15.7,63,63,0,58,58,0,93,22,115,23,0,2,25,0,0,0,0,1,0,0
Europe,EST,Estonia,2013,1.3,32,32,0,32,32,0,47,1,48,9,0,0,9,0,3,0,3,0,0,0
Eastern Mediterranean,EGY,Egypt,2013,82.1,0,0,0,,,,0,1417,1417,0,0,450,450,0,0,0,0,0,0,0
Africa,ERI,Eritrea,2013,6.3,,,,,,,,,,,,,,,,,,,,
Europe,ESP,Spain,2013,46.9,1655,1496,159,1455,1336,119,2170,382,2552,1062,8,23,1093,249,285,0,285,92,67,8
Africa,ETH,Ethiopia,2013,94.1,0,0,0,0,0,0,0,0,0,0,0,0,0,0,0,0,0,0,0,0
Europe,FIN,Finland,2013,5.4,96,96,0,,,,176,13,189,49,0,0,49,21,15,0,15,10,10,0
Western Pacific,FJI,Fiji,2013,0.9,0,0,0,0,0,0,0,0,0,0,0,0,0,0,0,0,0,0,0,0
Western Pacific,FSM,Micronesia (Federated States of),2013,0.1,,,,,,,,,,,,,,,,,,,,
Europe,FRA,France,2013,64.3,1673,1620,53,1616,1572,44,2673,401,3074,1221,7,13,1241,421,310,0,310,85,71,3
Africa,GAB,Gabon,2013,1.7,,,,,,,,,,,,,,,,,,,,
Europe,GBR,United Kingdom,2013,63.1,1323,779,544,1257,766,491,2157,1100,3257,870,4,30,904,195,211,0,211,264,190,27
America,GRD,Grenada,2013,0.1,,,,,,,,,,,,,,,,,,,,
Europe,GEO,Georgia,2013,4.3,0,0,0,0,0,0,0,32,32,0,0,0,0,0,0,0,0,0,0,0
Africa,GHA,Ghana,2013,25.9,0,0,0,0,0,0,0,0,0,0,0,0,0,0,0,0,0,0,0,0
Africa,GMB,Gambia,2013,1.8,,,,,,,,,,,,,,,,,,,,
Africa,GIN,Guinea,2013,11.7,,,,,,,,,,,,,,,,,,,,
Africa,GNQ,Equatorial Guinea,2013,0.8,,,,,,,,,,,,,,,,,,,,
Europe,GRC,Greece,2013,11.1,62,62,0,58,58,0,107,44,151,31,0,0,31,9,0,0,0,0,0,0
America,GTM,Guatemala,2013,15.5,6,6,0,,,,12,78,90,,,,,,,,,,,
Africa,GNB,Guinea-Bissau,2013,1.7,,,,,,,,,,,,,,,,,,,,
America,GUY,Guyana,2013,0.8,,,,,,,,,,,,,,,,,,,,
America,HND,Honduras,2013,8.1,,,,,,,,,,,,,,,,,,,,
Europe,HRV,Croatia,2013,4.3,144,144,0,,,,205,3,208,114,0,1,115,33,0,0,0,7,6,0
America,HTI,Haiti,2013,10.3,,,,,,,,,,,,,,,,,,,,
Europe,HUN,Hungary,2013,10,155,155,0,153,153,0,251,40,291,45,0,0,45,45,0,0,0,14,13,0
South-East Asia,IDN,Indonesia,2013,249.9,0,0,0,,,,0,494,494,0,,2,2,0,,,,,0,0
Europe,IRL,Ireland,2013,4.6,86,80,6,82,76,6,147,38,185,55,0,0,55,11,32,0,32,11,11,0
Europe,ISR,Israel,2013,7.7,76,76,0,74,74,0,128,136,264,59,1,9,69,13,49,0,49,10,10,0
South-East Asia,IND,India,2013,"1,252.10",391,,,,,,96,4699,4795,87,,783,870,15,,,,,,
Eastern Mediterranean,IRQ,Iraq,2013,33.8,,,,,,,,,,,,,,,,,,,,
Eastern Mediterranean,IRN,Iran (Islamic Republic of),2013,77.4,670,670,0,670,670,0,1169,1501,2670,553,0,39,592,91,14,0,14,24,13,12
Europe,ISL,Iceland,2013,0.3,4,4,0,,,,0,8,8,,,,,,,,,,,
Europe,ITA,Italy,2013,61,1323,1320,3,1102,1102,0,1498,217,1715,992,0,21,1013,219,141,0,141,59,43,0
America,JAM,Jamaica,2013,2.8,,,,,,,,,,,,,,,,,,,,
Eastern Mediterranean,JOR,Jordan,2013,7.3,0,0,0,,,,0,190,190,0,,20,20,0,,,0,,0,
Western Pacific,JPN,Japan,2013,127.1,84,47,37,82,47,35,155,1167,1322,39,2,369,410,38,41,20,61,33,24,1
Africa,KEN,Kenya,2013,44.4,0,0,0,0,0,0,0,42,42,,0,0,0,0,0,0,0,0,0,0
Europe,KGZ,Kyrgyzstan,2013,5.5,0,0,0,0,0,0,0,3,3,0,0,0,0,0,0,0,0,0,0,0
Western Pacific,KHM,Cambodia,2013,15.1,,,,,,,,,,,,,,,,,,,,
Western Pacific,KIR,Kiribati,2013,0.1,,,,,,,,,,,,,,,,,,,,
Africa,COM,Comoros,2013,0.7,,,,,,,,,,,,,,,,,,,,
America,KNA,Saint Kitts and Nevis,2013,0.1,,,,,,,,,,,,,,,,,,,,
South-East Asia,PRK,Democratic People's Republic of Korea,2013,24.9,,,,,,,,,,,,,,,,,,,,
Western Pacific,KOR,Republic of Korea,2013,49.3,416,415,1,416,415,1,750,1010,1760,367,0,819,1186,127,46,0,46,57,22,1
Eastern Mediterranean,KWT,Kuwait,2013,3.4,11,11,0,10,10,0,16,50,66,0,0,0,0,0,0,0,0,3,3,0
Europe,KAZ,Kazakhstan,2013,16.4,4,4,0,4,4,0,6,136,142,3,0,17,20,2,0,0,0,0,0,0
Western Pacific,LAO,Lao People's Democratic Republic ,2013,6.8,,,,,,,,,,,,,,,,,,,,
Eastern Mediterranean,LBN,Lebanon,2013,4.8,7,7,0,7,7,0,10,109,119,4,,0,4,2,,,,,,
America,LCA,Saint Lucia,2013,0.2,,,,,,,,,,,,,,,,,,,,
South-East Asia,LKA,Sri Lanka,2013,21.3,,,,,,,,300,300,,,,,,,,,,,
Africa,LBR,Liberia,2013,4.3,,,,,,,,,,,,,,,,,,,,
Africa,LSO,Lesotho,2013,2.1,,,,,,,,,,,,,,,,,,,,
Europe,LTU,Lithuania,2013,3,50,50,0,50,50,0,78,7,85,13,0,0,13,10,1,0,1,1,1,0
Europe,LUX,Luxembourg,2013,0.5,8,8,0,,,,,,,,,,,,,,,,,
Europe,LVA,Latvia,2013,2.1,34,21,13,31,20,11,66,6,72,0,0,0,0,4,0,0,0,0,0,0
Eastern Mediterranean,LBY,Libyan Arab Jamahiriya,2013,6.2,0,0,0,0,0,0,0,378,378,0,0,21,21,0,0,0,0,0,0,0
Eastern Mediterranean,MAR,Morocco,2013,33,4,4,0,4,4,0,8,34,42,0,0,0,0,0,0,0,0,0,0,0
Europe,MCO,Monaco,2013,0,,,,,,,,,,,,,,,,,,,,
Europe,MDA,Republic of Moldova,2013,3.5,0,0,0,0,0,0,0,6,6,0,0,3,3,0,0,0,0,0,0,0
Africa,MDG,Madagascar,2013,22.9,,,,,,,,,,,,,,,,,,,,
Western Pacific,MHL,Marshall Islands,2013,0,,,,,,,,,,,,,,,,,,,,
Europe,MKD,The former Yugoslav Republic of Macedonia,2013,2.1,0,0,0,0,0,0,0,38,38,0,0,0,0,0,0,0,0,0,0,0
Africa,MLI,Mali,2013,15.3,0,0,0,0,0,0,0,0,0,0,0,0,0,0,0,0,0,0,0,0
South-East Asia,MMR,Myanmar,2013,53.3,1,1,,,,,0,2,2,,0,1,1,,,,,,,
Western Pacific,MNG,Mongolia,2013,2.8,0,0,0,0,0,0,0,12,12,0,,4,4,0,0,0,0,0,0,0
Africa,MRT,Mauritania,2013,3.9,,,,,,,,,,,,,,,,,,,,
Europe,MLT,Malta,2013,0.4,14,14,0,11,11,0,10,3,13,0,0,0,0,0,0,0,0,0,0,0
Africa,MUS,Mauritius,2013,1.2,0,0,0,,,,0,14,14,0,0,0,0,0,,,0,0,0,0
South-East Asia,MDV,Maldives,2013,0.3,0,0,0,0,0,0,0,0,,0,0,0,0,0,0,0,0,0,0,0
Africa,MWI,Malawi,2013,16.4,,,,,,,,,,,,,,,,,,,,
America,MEX,Mexico,2013,122.3,438,438,0,438,438,0,747,1960,2707,141,0,8,149,44,1,0,1,0,0,0
Western Pacific,MYS,Malaysia,2013,29.7,16,16,0,13,13,0,23,60,83,1,0,0,1,0,0,0,0,0,0,0
Africa,MOZ,Mozambique,2013,25.8,,,,,,,,,,,,,,,,,,,,
Africa,NAM,Namibia,2013,2.3,,,,,,,,,,,,,,,,,,,,
Africa,NER,Niger,2013,17.8,,,,,,,,,,,,,,,,,,,,
Africa,NGA,Nigeria,2013,173.6,0,0,0,0,0,0,0,30,30,0,0,0,0,0,0,0,0,0,0,0
America,NIC,Nicaragua,2013,6.1,0,,0,0,0,0,0,11,11,0,0,0,0,0,,0,0,0,0,0
Europe,NLD,Netherlands,2013,16.8,267,107,160,255,105,150,434,520,954,138,0,2,140,37,88,0,88,29,18,
Europe,NOR,Norway,2013,5,111,111,0,,,,201,68,269,110,0,0,110,37,33,0,33,39,19,0
South-East Asia,NPL,Nepal,2013,27.8,0,0,0,,,,,100,100,0,,0,0,0,,,,,0,0
Western Pacific,NRU,Nauru,2013,0,,,,,,,,,,,,,,,,,,,,
Western Pacific,NIU,Niue,2013,0,,,,,,,,,,,,,,,,,,,,
Western Pacific,NZL,New Zealand,2013,4.5,36,34,2,36,34,2,56,58,114,31,0,3,34,9,18,0,18,0,0,0
Eastern Mediterranean,OMN,Oman,2013,3.6,0,0,0,,0,0,0,8,8,,,,,,,,,,,
America,PAN,Panama,2013,3.9,22,22,0,22,22,0,38,14,52,9,0,0,9,0,0,0,0,0,0,0
America,PER,Peru,2013,30.4,97,97,0,97,97,0,173,13,186,26,0,0,26,9,3,0,3,1,1,0
Western Pacific,PNG,Papua New Guinea,2013,7.3,,,,,,,,,,,,,,,,,,,,
Western Pacific,PHL,Philippines,2013,98.4,36,36,0,36,36,0,59,283,342,,,,,,,,,,,
Eastern Mediterranean,PAK,Pakistan,2013,182.1,0,0,0,,,,0,855,855,0,0,0,0,,,,,,,
Europe,POL,Poland,2013,38.2,593,593,0,574,574,0,1105,57,1162,318,0,18,336,87,17,0,17,35,29,0
Europe,PRT,Portugal,2013,10.6,295,295,0,289,289,0,399,51,450,238,10,3,241,55,16,0,16,25,21,0
Western Pacific,PLW,Palau,2013,0,,,,,,,,,,,,,,,,,,,,
America,PRY,Paraguay,2013,6.8,13,13,0,13,13,0,22,4,26,0,0,0,0,0,0,0,0,0,0,0
Eastern Mediterranean,QAT,Qatar,2013,2.2,3,3,0,3,3,0,6,3,9,1,0,0,1,0,0,0,0,0,0,0
Europe,ROU,Romania,2013,21.7,132,132,0,132,132,0,240,54,294,108,0,14,122,1,0,0,0,0,0,0
Europe,SRB,Serbia,2013,9.5,41,41,0,41,41,0,74,30,104,17,0,0,17,4,0,0,0,0,0,0
Europe,RUS,Russian Federation,2013,142.8,420,304,116,420,304,116,747,188,935,273,,119,273,164,10,,10,16,,1
Africa,RWA,Rwanda,2013,11.8,,,,,,,,,,,,,,,,,,,,
Eastern Mediterranean,SAU,Saudi Arabia,2013,28.8,67,67,0,63,63,0,96,462,558,49,0,109,158,21,17,0,17,6,3,0
Western Pacific,SLB,Solomon Islands,2013,0.6,,,,,,,,,,,,,,,,,,,,
Africa,SYC,Seychelles,2013,0.1,,,,,,,,,,,,,,,,,,,,
Eastern Mediterranean,SDN,Sudan,2013,38,0,0,0,0,0,0,0,186,186,0,0,0,0,0,0,0,0,0,0,0
Europe,SWE,Sweden,2013,9.6,152,152,0,,,,270,151,421,150,6,5,161,55,58,0,58,38,36,0
Western Pacific,SGP,Singapore,2013,5.4,24,24,0,24,24,0,34,34,68,19,,12,31,4,0,,0,0,0,
Europe,SVN,Slovenia,2013,2.1,48,48,0,45,45,0,60,0,60,21,0,0,21,30,0,0,0,4,4,0
Europe,SVK,Slovakia,2013,5.5,60,60,0,57,57,0,109,10,119,22,0,0,22,14,0,0,0,0,0,0
Africa,SLE,Sierra Leone,2013,6.1,,,,,,,,,,,,,,,,,,,,
Europe,SMR,San Marino,2013,0,,,,,,,,,,,,,,,,,,,,
Africa,SEN,Senegal,2013,14.1,0,0,0,0,0,0,0,0,0,0,0,0,0,0,0,0,0,0,0,0
Eastern Mediterranean,SOM,Somalia,2013,10.5,,,,,,,,,,,,,,,,,,,,
America,SUR,Suriname,2013,0.5,,,,,,,,,,,,,,,,,,,,
Eastern Mediterranean,SSD,South Sudan,2013,11.3,,,,,,,,,,,,,,,,,,,,
Africa,STP,Sao Tome and Principe,2013,0.2,,,,,,,,,,,,,,,,,,,,
America,SLV,El Salvador,2013,6.3,0,0,0,,,,0,44,44,0,0,0,0,0,0,0,0,0,0,0
Eastern Mediterranean,SYR,Syrian Arab Republic,2013,21.9,0,0,0,0,0,0,0,154,154,0,0,0,0,0,0,0,0,0,0,0
Africa,SWZ,Swaziland,2013,1.2,,,,,,,,,,,,,,,,,,,,
Africa,TCD,Chad,2013,12.8,,,,,,,,,,,,,,,,,,,,
Africa,TGO,Togo,2013,6.8,,,,,,,,,,,,,,,,,,,,
South-East Asia,THA,Thailand,2013,67,158,158,0,155,155,0,290,258,548,76,0,22,98,12,1,0,1,0,0,0
Europe,TJK,Tajikistan,2013,8.2,0,0,0,0,0,0,0,25,25,0,0,0,0,0,0,0,0,0,0,0
South-East Asia,TLS,Timor-Leste,2013,1.1,,,,,,,,,,,,,,,,,,,,
Europe,TKM,Turkmenistan,2013,5.2,,,,,,,,,,,,,,,,,,,,
Eastern Mediterranean,TUN,Tunisia,2013,11,9,9,0,9,9,0,18,107,125,1,,,1,0,1,,1,0,0,0
Western Pacific,TON,Tonga,2013,0.1,,,,,,,,,,,,,,,,,,,,
Europe,TUR,Turkey,2013,74.9,381,381,0,379,379,0,585,2359,2944,289,0,959,1248,63,32,0,32,4,2,2
America,TTO,Trinidad and Tobago,2013,1.3,,,,,,,,,,,,,,,,,,,,
Western Pacific,TUV,Tuvalu,2013,0,,,,,,,,,,,,,,,,,,,,
Africa,TZA,United Republic of Tanzania,2013,49.3,,,,,,,,,,,,,,,,,,,,
Europe,UKR,Ukraine,2013,45.2,11,11,0,11,11,0,22,118,140,0,0,14,14,0,0,0,0,0,0,0
Africa,UGA,Uganda,2013,37.6,,,,,,,,,,,,,,,,,,,,
America,USA,United States of America,2013,320.1,8269,7062,1207,7795,6750,1045,11924,5733,17657,6203,8,244,6455,2554,1945,1,1946,1018,726,109
America,URY,Uruguay,2013,3.4,58,58,0,56,56,0,104,11,115,23,0,2,25,5,0,0,0,4,4,0
Europe,UZB,Uzbekistan,2013,28.9,,,,,,,,,,,,,,,,,,,,
America,VCT,Saint Vincent and the Grenadines,2013,0.1,,,,,,,,,,,,,,,,,,,,
America,VEN,Venezuela (Bolivarian Republic of),2013,30.4,112,112,0,103,103,0,196,85,281,1,0,6,7,0,0,0,0,0,0,0
Western Pacific,VNM,Viet Nam,2013,91.7,30,30,0,30,30,0,18,201,219,10,,1,11,2,0,0,0,0,0,0
Western Pacific,VUT,Vanuatu,2013,0.3,,,,,,,,,,,,,,,,,,,,
Western Pacific,WSM,Samoa,2013,0.2,,,,,,,,,,,,,,,,,,,,
Eastern Mediterranean,YEM,Yemen,2013,24.4,,,,,,,,,,,,,,,,,,,,
Africa,ZAF,South Africa,2013,52.8,70,65,5,70,65,5,140,101,241,50,,9,59,25,7,0,7,9,6,0
Africa,ZMB,Zambia,2013,14.5,,,,,,,,,,,,,,,,,,,,
Africa,ZWE,Zimbabwe,2013,14.1,,,,,,,,,,,,,,,,,,,,
Europe,AND,Andorra,2014,0.1,,,,,,,,,,,,,,,,,,,,
Eastern Mediterranean,ARE,United Arab Emirates,2014,9.4,0,0,0,0,0,0,1,27,28,0,0,0,0,0,0,0,0,0,0,0
Eastern Mediterranean,AFG,Afghanistan,2014,31.3,,,,,,,,,,,,,,,,,,,,
America,ATG,Antigua and Barbuda,2014,0.1,,,,,,,,,,,,,,,,,,,,
Europe,ALB,Albania,2014,3.2,0,0,0,,,,0,9,9,0,,3,3,,,,,,,
Europe,ARM,Armenia,2014,3,0,0,0,0,0,0,0,9,9,0,0,0,0,0,0,0,0,0,0,0
Africa,AGO,Angola,2014,22.1,,,,,,,,,,,,,,,,,,,,
America,ARG,Argentina,2014,41.8,555,555,0,507,507,0,897,380,1277,327,0,34,361,101,42,0,42,69,63,2
Europe,AUT,Austria,2014,8.5,212,206,6,207,201,6,375,71,446,136,0,6,142,68,134,0,134,21,19,0
Western Pacific,AUS,Australia,2014,23.6,378,271,107,361,266,95,637,267,904,234,,1,235,83,166,0,166,45,43,1
Europe,AZE,Azerbaijan,2014,9.5,0,0,0,0,0,0,0,95,95,0,0,16,16,0,0,0,0,0,0,0
Europe,BIH,Bosnia and Herzegovina,2014,3.8,4,4,0,4,4,0,7,14,21,2,0,0,2,0,0,0,0,0,0,0
America,BRB,Barbados,2014,0.3,,,,,,,,,,,,,,,,,,,,
South-East Asia,BGD,Bangladesh,2014,158.5,,,,,,,,,,,,,,,,,,,,
Europe,BEL,Belgium,2014,11.1,299,216,83,282,,,414,67,481,219,2,40,261,82,103,0,103,11,7,4
Africa,BFA,Burkina Faso,2014,17.4,,,,,,,,,,,,,,,,,,,,
Europe,BGR,Bulgaria,2014,7.2,38,38,0,22,22,0,44,12,56,18,0,1,19,4,0,0,0,0,0,0
Eastern Mediterranean,BHR,Bahrain,2014,1.3,,,,,,,,,,,,,,,,,,,,
Africa,BDI,Burundi,2014,10.5,,,,,,,,,,,,,,,,,,,,
Africa,BEN,Benin,2014,10.6,,,,,,,,,,,,,,,,,,,,
Western Pacific,BRN,Brunei Darussalam,2014,0.4,,,,,,,,,,,,,,,,,,,,
America,BOL,Bolivia (Plurinational State of),2014,10.8,9,9,0,9,9,0,17,79,96,,,,,,,,,,,
America,BRA,Brazil,2014,202,2710,2710,0,2465,2465,0,4453,1054,5507,1615,0,154,1769,309,67,0,67,140,98,4
America,BHS,Bahamas,2014,0.4,,,,,,,,,,,,,,,,,,,,
South-East Asia,BTN,Bhutan,2014,0.8,0,0,0,0,0,0,0,0,0,0,0,0,0,0,0,,0,0,0,0
Africa,BWA,Botswana,2014,2,,,,,,,,,,,,,,,,,,,,
Europe,BLR,Belarus,2014,9.3,165,165,0,160,160,0,263,23,286,63,0,5,68,45,1,0,1,2,2,0
America,BLZ,Belize,2014,0.3,,,,,,,,,,,,,,,,,,,,
America,CAN,Canada,2014,35.5,591,,,591,,125,884,452,1336,448,0,89,537,157,220,0,220,77,53,
Africa,COD,Democratic Republic of The Congo,2014,69.4,,,,,,,,,,,,,,,,,,,,
Africa,CAF,Central African Republic,2014,4.7,,,,,,,,,,,,,,,,,,,,
Africa,COG,Congo,2014,4.6,,,,,,,,,,,,,,,,,,,,
Europe,CHE,Switzerland,2014,8.2,117,99,18,113,95,18,181,120,301,107,1,3,111,36,56,0,56,11,8,0
Africa,CIV,Côte d’Ivoire,2014,20.8,,,,,,,,,,,,,,,,,,,,
Western Pacific,COK,Cook Islands,2014,0,,,,,,,,,,,,,,,,,,,,
America,CHL,Chile,2014,17.8,123,123,0,119,119,0,212,59,271,77,0,9,86,24,33,0,33,7,7,0
Africa,CMR,Cameroon,2014,22.8,0,0,0,0,0,0,0,0,0,0,0,0,0,0,0,,0,,,
Western Pacific,CHN,China,2014,"1,393.80",,,,,,,4577,963,5540,2082,0,62,2144,147,,,33,,,
America,COL,Colombia,2014,48.9,346,346,0,336,336,0,643,118,761,201,0,21,222,82,10,0,10,3,3,5
America,CRI,Costa Rica,2014,4.9,18,18,0,18,18,0,52,54,106,9,0,0,9,1,1,0,1,0,0,1
Europe,MNE,Montenegro,2014,0.6,7,7,0,,,,1,8,9,2,0,0,2,0,0,0,0,1,,
America,CUB,Cuba,2014,11.3,124,124,0,120,120,0,147,28,175,30,0,2,32,1,0,0,0,0,0,0
Africa,CPV,Cape Verde,2014,0.5,,,,,,,,,,,,,,,,,,,,
Europe,CYP,Cyprus,2014,1.2,5,5,0,5,5,0,9,22,31,0,0,0,0,0,0,0,0,0,0,0
Europe,CZE,Czech Republic,2014,10.7,261,257,4,,,,444,63,507,166,1,2,169,87,32,0,32,40,33,2
Europe,DEU,Germany,2014,82.7,864,864,0,851,851,0,1508,620,2128,879,4,58,941,304,352,0,352,120,104,6
Eastern Mediterranean,DJI,Djibouti,2014,0.9,,,,,,,,,,,,,,,,,,,,
Europe,DNK,Denmark,2014,5.6,80,80,0,79,79,0,139,110,249,47,0,0,47,32,29,0,29,0,0,0
America,DMA,Dominica,2014,0.1,,,,,,,,,,,,,,,,,,,,
America,DOM,Dominican Republic,2014,10.5,29,29,0,29,29,0,40,38,78,6,0,0,6,0,0,0,0,0,0,0
Africa,DZA,Algeria,2014,39.9,1,1,0,1,1,0,2,168,170,0,0,1,1,0,0,0,0,0,0,0
America,ECU,Ecuador,2014,16,50,50,0,50,50,0,82,21,103,23,0,2,25,0,0,0,0,0,0,0
Europe,EST,Estonia,2014,1.3,23,23,0,23,23,0,31,1,32,10,0,0,10,0,6,0,6,0,0,0
Eastern Mediterranean,EGY,Egypt,2014,83.4,0,0,0,,,,0,1417,1417,0,0,450,450,0,0,0,0,0,0,0
Africa,ERI,Eritrea,2014,6.5,,,,,,,,,,,,,,,,,,,,
Europe,ESP,Spain,2014,47.1,1682,1489,193,1442,1297,145,2255,423,2678,1051,6,21,1068,265,262,0,262,81,66,6
Africa,ETH,Ethiopia,2014,96.5,0,0,0,0,0,0,0,0,0,0,0,0,0,0,0,0,0,0,,0
Europe,FIN,Finland,2014,5.4,121,121,0,120,120,0,225,15,240,59,0,0,59,26,17,0,17,15,15,0
Western Pacific,FJI,Fiji,2014,0.9,0,0,0,0,0,0,0,0,0,0,0,0,0,0,0,0,0,0,,
Western Pacific,FSM,Micronesia (Federated States of),2014,0.1,,,,,,,,,,,,,,,,,,,,
Europe,FRA,France,2014,64.6,1675,1635,40,1611,1579,32,2718,514,3232,1263,5,12,1280,436,340,0,340,79,70,3
Africa,GAB,Gabon,2014,1.7,,,,,,,,,,,,,,,,,,,,
Europe,GBR,United Kingdom,2014,63.5,1309,804,505,1241,789,452,2104,1097,3201,902,3,32,937,186,194,0,194,239,171,21
America,GRD,Grenada,2014,0.1,,,,,,,,,,,,,,,,,,,,
Europe,GEO,Georgia,2014,4.3,0,0,0,,,,0,27,27,0,0,2,2,0,0,0,0,0,0,0
Africa,GHA,Ghana,2014,26.4,0,0,0,0,0,0,0,3,3,0,0,0,0,0,0,0,0,0,0,0
Africa,GMB,Gambia,2014,1.9,,,,,,,,,,,,,,,,,,,,
Africa,GIN,Guinea,2014,12,,,,,,,,,,,,,,,,,,,,
Africa,GNQ,Equatorial Guinea,2014,0.8,,,,,,,,,,,,,,,,,,,,
Europe,GRC,Greece,2014,11.1,50,50,0,50,50,0,89,42,131,28,,,28,12,,,,,,
America,GTM,Guatemala,2014,15.9,8,8,0,8,8,0,16,104,120,,,,,,,,,,,
Africa,GNB,Guinea-Bissau,2014,1.7,,,,,,,,,,,,,,,,,,,,
America,GUY,Guyana,2014,0.8,,,,,,,,,,,,,,,,,,,,
America,HND,Honduras,2014,8.3,,,,,,,,,,,,,,,,,,,,
Europe,HRV,Croatia,2014,4.3,151,151,0,,,,186,11,197,124,0,1,125,34,0,0,0,5,4,0
America,HTI,Haiti,2014,10.5,,,,,,,,,,,,,,,,,,,,
Europe,HUN,Hungary,2014,9.9,203,203,0,199,199,0,341,46,387,,,,75,58,,,,14,14,
South-East Asia,IDN,Indonesia,2014,252.8,,,,,,,,,,,,,,,,,,,,
Europe,IRL,Ireland,2014,4.7,63,59,4,59,55,4,112,40,152,44,0,0,44,18,31,0,31,6,5,0
Europe,ISR,Israel,2014,7.8,63,60,3,59,57,2,82,135,217,51,0,14,65,11,41,0,41,5,5,1
South-East Asia,IND,India,2014,"1,267.40",,,,,,,,6500,6500,,0,1200,1200,15,,,,,,
Eastern Mediterranean,IRQ,Iraq,2014,34.8,,,,,,,,,,,,,,,,,,,,
Eastern Mediterranean,IRN,Iran (Islamic Republic of),2014,78.5,659,659,0,,,,1122,1203,2325,570,0,35,605,82,14,0,14,31,23,7
Europe,ISL,Iceland,2014,0.3,3,3,0,3,3,0,0,8,8,0,0,0,0,0,0,0,0,0,0,0
Europe,ITA,Italy,2014,61.1,1384,1382,2,1175,1174,1,1589,251,1840,1059,0,16,1075,227,126,0,126,43,29,0
America,JAM,Jamaica,2014,2.8,,,,,,,,,,,,,,,,,,,,
Eastern Mediterranean,JOR,Jordan,2014,7.5,,,,,,,,,,,,,,,,,,,,
Western Pacific,JPN,Japan,2014,127,77,50,27,74,50,24,127,1471,1598,45,0,418,463,37,41,20,61,29,24,0
Africa,KEN,Kenya,2014,45.5,0,0,0,0,0,0,0,11,11,0,,,,,,,,,,
Europe,KGZ,Kyrgyzstan,2014,5.6,0,0,0,0,0,0,0,3,3,0,0,0,0,0,0,0,0,0,0,0
Western Pacific,KHM,Cambodia,2014,15.4,,,,,,,,,,,,,,,,,,,,
Western Pacific,KIR,Kiribati,2014,0.1,,,,,,,,,,,,,,,,,,,,
Africa,COM,Comoros,2014,0.8,,,,,,,,,,,,,,,,,,,,
America,KNA,Saint Kitts and Nevis,2014,0.1,,,,,,,,,,,,,,,,,,,,
South-East Asia,PRK,Democratic People's Republic of Korea,2014,25,,,,,,,,,,,,,,,,,,,,
Western Pacific,KOR,Republic of Korea,2014,49.5,446,445,1,446,445,1,808,1000,1808,404,0,858,1262,118,55,,55,55,19,5
Eastern Mediterranean,KWT,Kuwait,2014,3.5,24,24,0,24,24,0,41,58,99,0,0,0,0,0,0,0,0,2,2,0
Europe,KAZ,Kazakhstan,2014,16.6,10,10,0,10,10,0,19,166,185,7,0,25,32,7,0,0,0,0,0,0
Western Pacific,LAO,Lao People's Democratic Republic ,2014,6.9,,,,,,,,,,,,,,,,,,,,
Eastern Mediterranean,LBN,Lebanon,2014,5,25,9,16,22,6,16,10,81,91,1,,,1,2,0,0,0,0,0,0
America,LCA,Saint Lucia,2014,0.2,,,,,,,,,,,,,,,,,,,,
South-East Asia,LKA,Sri Lanka,2014,21.4,,,,,,,,,,,,,,,,,,,,
Africa,LBR,Liberia,2014,4.4,,,,,,,,,,,,,,,,,,,,
Africa,LSO,Lesotho,2014,2.1,,,,,,,,,,,,,,,,,,,,
Europe,LTU,Lithuania,2014,3,31,31,0,30,30,0,59,13,72,12,0,0,12,12,2,0,2,2,2,0
Europe,LUX,Luxembourg,2014,0.5,4,4,0,4,4,0,0,0,0,0,0,0,0,0,0,0,0,0,0,0
Europe,LVA,Latvia,2014,2,29,20,9,26,17,9,52,7,59,0,0,0,0,2,0,0,0,0,0,0
Eastern Mediterranean,LBY,Libyan Arab Jamahiriya,2014,6.3,0,0,0,0,0,0,0,5,5,0,0,,,,,,,,,
Eastern Mediterranean,MAR,Morocco,2014,33.5,4,4,0,4,4,0,8,34,42,0,0,0,0,0,0,0,0,0,0,0
Europe,MCO,Monaco,2014,0,,,,,,,,,,,,,,,,,,,,
Europe,MDA,Republic of Moldova,2014,3.5,11,11,0,10,10,0,8,2,10,6,0,4,10,0,0,0,0,0,0,0
Africa,MDG,Madagascar,2014,23.6,,,,,,,,,,,,,,,,,,,,
Western Pacific,MHL,Marshall Islands,2014,0,,,,,,,,,,,,,,,,,,,,
Europe,MKD,The former Yugoslav Republic of Macedonia,2014,2.1,10,6,4,6,4,2,12,29,41,0,0,0,0,0,0,0,0,0,0,0
Africa,MLI,Mali,2014,15.8,0,0,0,0,0,0,0,0,0,0,0,0,0,0,0,,,,,
South-East Asia,MMR,Myanmar,2014,53.7,,,,,,,,,,,,,,,,,,,,
Western Pacific,MNG,Mongolia,2014,2.9,0,0,0,0,0,0,0,14,14,0,,6,6,0,0,,,,,
Africa,MRT,Mauritania,2014,4,,,,,,,,,,,,,,,,,,,,
Europe,MLT,Malta,2014,0.4,12,12,0,10,,,15,5,20,0,0,0,0,1,0,0,0,0,0,0
Africa,MUS,Mauritius,2014,1.2,0,0,0,,,,0,14,14,0,0,0,0,0,,,0,0,0,0
South-East Asia,MDV,Maldives,2014,0.4,0,0,0,0,0,0,0,0,0,0,0,0,0,0,0,0,0,0,0,0
Africa,MWI,Malawi,2014,16.8,,,,,,,,,,,,,,,,,,,,
America,MEX,Mexico,2014,123.8,416,416,0,405,405,0,748,1862,2610,125,0,6,131,51,0,0,0,2,1,0
Western Pacific,MYS,Malaysia,2014,30.2,22,21,1,22,21,1,39,29,68,9,0,0,9,1,0,0,0,0,0,0
Africa,MOZ,Mozambique,2014,26.5,,,,,,,,,,,,,,,,,,,,
Africa,NAM,Namibia,2014,2.3,,,,,,,,,,,,,,,,,,,,
Africa,NER,Niger,2014,18.5,,,,,,,,,,,,,,,,,,,,
Africa,NGA,Nigeria,2014,178.5,0,0,0,0,0,0,0,19,19,0,0,0,0,0,0,0,0,0,0,0
America,NIC,Nicaragua,2014,6.2,0,0,0,0,0,0,0,11,11,0,0,0,0,0,,0,0,0,0,0
Europe,NLD,Netherlands,2014,16.8,282,150,132,271,150,121,470,534,1004,169,0,3,172,51,91,0,91,28,27,0
Europe,NOR,Norway,2014,5.1,116,114,2,116,114,2,206,68,274,100,0,0,100,34,33,0,33,31,17,0
South-East Asia,NPL,Nepal,2014,28.1,0,0,0,0,0,0,0,100,100,0,,0,0,0,,,,,0,0
Western Pacific,NRU,Nauru,2014,0,,,,,,,,,,,,,,,,,,,,
Western Pacific,NIU,Niue,2014,0,,,,,,,,,,,,,,,,,,,,
Western Pacific,NZL,New Zealand,2014,4.6,46,40,6,41,37,4,66,72,138,38,0,5,43,17,17,0,17,2,2,0
Eastern Mediterranean,OMN,Oman,2014,3.9,,,,,,,,,,0,0,0,0,,,,,,,
America,PAN,Panama,2014,3.9,28,28,0,23,23,0,38,10,48,7,0,0,7,0,0,0,0,0,0,0
America,PER,Peru,2014,30.8,73,73,0,68,68,0,119,13,132,26,0,0,26,15,0,0,0,1,1,0
Western Pacific,PNG,Papua New Guinea,2014,7.5,,,,,,,,,,,,,,,,,,,,
Western Pacific,PHL,Philippines,2014,100.1,,,,,,,43,401,444,,,,,,,,,,,
Eastern Mediterranean,PAK,Pakistan,2014,185.1,0,0,0,0,0,0,0,327,327,0,0,74,74,0,0,0,0,0,0,0
Europe,POL,Poland,2014,38.2,594,594,0,572,572,0,1094,55,1149,336,0,30,366,76,19,0,19,37,28,0
Europe,PRT,Portugal,2014,10.6,289,289,0,263,263,0,394,54,448,189,8,5,202,43,19,0,19,27,24,0
Western Pacific,PLW,Palau,2014,0,,,,,,,,,,,,,,,,,,,,
America,PRY,Paraguay,2014,6.9,9,9,0,9,9,0,14,5,19,0,0,0,0,3,0,0,0,0,0,0
Eastern Mediterranean,QAT,Qatar,2014,2.3,8,8,0,5,5,0,10,3,13,4,0,0,4,0,0,0,0,0,0,0
Europe,ROU,Romania,2014,21.6,138,138,0,,,,273,37,310,108,0,14,122,4,0,0,0,12,10,0
Europe,SRB,Serbia,2014,9.5,41,41,0,41,41,0,74,30,104,17,0,0,17,4,0,0,0,0,0,0
Europe,RUS,Russian Federation,2014,142.5,465,359,106,465,359,106,836,190,1026,176,0,126,302,162,12,0,12,19,19,1
Africa,RWA,Rwanda,2014,12.1,,,,,,,,,,,,,,,,,,,,
Eastern Mediterranean,SAU,Saudi Arabia,2014,29.4,101,101,0,94,94,0,128,514,642,70,0,128,198,31,10,0,10,2,0,0
Western Pacific,SLB,Solomon Islands,2014,0.6,,,,,,,,,,,,,,,,,,,,
Africa,SYC,Seychelles,2014,0.1,,,,,,,,,,,,,,,,,,,,
Eastern Mediterranean,SDN,Sudan,2014,38.8,0,0,0,0,0,0,0,146,146,0,0,0,0,0,0,0,0,0,0,0
Europe,SWE,Sweden,2014,9.6,166,166,0,166,166,0,289,151,440,171,5,6,182,68,65,0,65,38,33,2
Western Pacific,SGP,Singapore,2014,5.5,16,15,1,16,15,1,17,40,57,13,0,14,27,0,0,0,0,1,1,0
Europe,SVN,Slovenia,2014,2.1,44,44,0,43,43,0,55,0,55,31,0,0,31,33,0,0,0,0,0,0
Europe,SVK,Slovakia,2014,5.5,64,64,0,58,58,0,110,15,125,23,0,0,23,17,0,0,0,0,0,0
Africa,SLE,Sierra Leone,2014,6.2,,,,,,,,,,,,,,,,,,,,
Europe,SMR,San Marino,2014,0,,,,,,,,,,,,,,,,,,,,
Africa,SEN,Senegal,2014,14.5,0,0,0,0,0,0,0,0,0,0,0,0,0,0,0,0,0,0,0,0
Eastern Mediterranean,SOM,Somalia,2014,10.8,,,,,,,,,,,,,,,,,,,,
America,SUR,Suriname,2014,0.5,,,,,,,,,,,,,,,,,,,,
Eastern Mediterranean,SSD,South Sudan,2014,11.7,,,,,,,,,,,,,,,,,,,,
Africa,STP,Sao Tome and Principe,2014,0.2,,,,,,,,,,,,,,,,,,,,
America,SLV,El Salvador,2014,6.4,0,0,0,,,,0,44,44,0,0,0,0,0,0,0,0,0,0,0
Eastern Mediterranean,SYR,Syrian Arab Republic,2014,22,0,0,0,0,0,0,0,180,180,,,,,,,,,,,
Africa,SWZ,Swaziland,2014,1.3,,,,,,,,,,,,,,,,,,,,
Africa,TCD,Chad,2014,13.2,,,,,,,,,,,,,,,,,,,,
Africa,TGO,Togo,2014,7,,,,,,,,,,,,,,,,,,,,
South-East Asia,THA,Thailand,2014,67.2,188,188,0,181,181,0,333,222,555,77,0,19,96,22,5,0,5,2,2,0
Europe,TJK,Tajikistan,2014,8.4,0,0,0,0,0,0,0,25,25,0,0,0,0,0,0,0,0,0,0,0
South-East Asia,TLS,Timor-Leste,2014,1.2,,,,,,,,,,,,,,,,,,,,
Europe,TKM,Turkmenistan,2014,5.3,,,,,,,,,,,,,,,,,,,,
Eastern Mediterranean,TUN,Tunisia,2014,11.1,9,9,0,9,9,0,18,107,125,1,,,1,0,1,,1,0,0,0
Western Pacific,TON,Tonga,2014,0.1,,,,,,,,,,,,,,,,,,,,
Europe,TUR,Turkey,2014,75.8,407,407,0,404,404,0,634,2298,2932,320,0,892,1212,78,33,0,33,10,2,5
America,TTO,Trinidad and Tobago,2014,1.3,,,,,,,,,,,,,,,,,,,,
Western Pacific,TUV,Tuvalu,2014,0,,,,,,,,,,,,,,,,,,,,
Africa,TZA,United Republic of Tanzania,2014,50.8,,,,,,,,,,,,,,,,,,,,
Europe,UKR,Ukraine,2014,44.9,,,,,,,14,117,131,0,,17,17,,,,,,,
Africa,UGA,Uganda,2014,38.8,,,,,,,,,,,,,,,,,,,,
America,USA,United States of America,2014,322.6,8596,7304,1292,8131,6974,1157,12279,5536,17815,6449,12,268,6729,2679,1949,0,1949,954,709,139
America,URY,Uruguay,2014,3.4,68,68,0,64,64,0,126,12,138,,,,26,7,,,,2,2,0
Europe,UZB,Uzbekistan,2014,29.3,,,,,,,,,,,,,,,,,,,,
America,VCT,Saint Vincent and the Grenadines,2014,0.1,,,,,,,,,,,,,,,,,,,,
America,VEN,Venezuela (Bolivarian Republic of),2014,30.9,54,54,0,52,52,0,104,98,202,1,,7,8,0,0,0,0,0,0,0
Western Pacific,VNM,Viet Nam,2014,92.5,17,17,0,17,17,0,9,261,270,5,0,3,8,2,0,0,0,1,1,0
Western Pacific,VUT,Vanuatu,2014,0.3,,,,,,,,,,,,,,,,,,,,
Western Pacific,WSM,Samoa,2014,0.2,,,,,,,,,,,,,,,,,,,,
Eastern Mediterranean,YEM,Yemen,2014,25,,,,,,,,,,,,,,,,,,,,
Africa,ZAF,South Africa,2014,53.1,76,76,0,76,76,0,115,98,213,52,,8,60,32,7,0,7,7,5,0
Africa,ZMB,Zambia,2014,15,,,,,,,,,,,,,,,,,,,,
Africa,ZWE,Zimbabwe,2014,14.6,,,,,,,,,,,,,,,,,,,,
Eastern Mediterranean,ARE,United Arab Emirates,2015,9.2,0,0,0,0,0,0,0,28,28,0,0,0,0,0,0,0,0,0,0,0
Europe,ALB,Albania,2015,2.9,0,0,0,,,,0,9,9,0,,3,3,,,,,,,
Europe,ARM,Armenia,2015,3,0,0,0,0,0,0,0,0,6,0,0,0,0,0,0,0,0,0,0,0
America,ARG,Argentina,2015,43.4,592,592,0,516,516,0,812,386,1198,347,,29,376,114,46,0,46,74,71,2
Europe,AUT,Austria,2015,8.5,205,199,6,196,190,6,355,62,417,141,0,5,146,67,130,0,130,27,25,0
Western Pacific,AUS,Australia,2015,24,435,315,120,418,304,114,703,242,945,265,1,2,268,95,195,0,195,45,43,1
Europe,AZE,Azerbaijan,2015,9.8,0,0,0,0,0,0,0,94,94,0,,16,16,0,0,0,0,0,0,0
Europe,BIH,Bosnia and Herzegovina,2015,3.8,6,6,0,6,6,0,7,16,23,4,0,4,8,0,0,0,0,0,0,0
Europe,BEL,Belgium,2015,11.3,357,,,315,209,106,471,57,528,247,1,32,280,78,129,0,129,12,12,0
Europe,BGR,Bulgaria,2015,7.1,45,45,0,19,19,0,38,10,48,15,0,1,16,7,0,0,0,0,0,0
America,BOL,Bolivia (Plurinational State of),2015,10.7,9,9,0,9,9,0,17,79,96,,,,,,,,,,,
America,BRA,Brazil,2015,207.8,2836,2836,0,2646,2646,0,4493,1017,5510,1670,0,146,1816,352,70,4,74,121,101,1
South-East Asia,BTN,Bhutan,2015,0.8,0,0,0,0,0,0,0,0,0,0,0,0,0,0,0,0,0,0,0,0
Europe,BLR,Belarus,2015,9.5,191,191,0,181,181,0,311,22,333,70,0,2,72,33,2,0,2,5,5,0
America,CAN,Canada,2015,35.9,681,543,138,681,543,138,992,445,1437,444,,82,526,172,,,279,76,44,5
Europe,CHE,Switzerland,2015,8.3,143,127,16,134,119,15,222,100,322,133,1,2,136,40,52,0,52,8,7,0
America,CHL,Chile,2015,17.9,120,,,,,,,,209,,,,68,24,,,16,4,,
Africa,CMR,Cameroon,2015,23.3,,,0,0,,0,0,0,0,0,0,0,0,0,0,0,0,0,0,0
Western Pacific,CHN,China,2015,"1,376.00",2766,443,2323,2707,432,2275,4931,2109,7040,2150,0,470,2620,279,118,0,118,,,
America,COL,Colombia,2015,48.2,405,405,0,0,0,0,736,133,869,232,0,33,265,65,17,0,17,11,11,3
America,CRI,Costa Rica,2015,4.8,34,34,0,34,34,0,63,52,115,8,0,0,8,3,1,0,1,0,0,0
Europe,MNE,Montenegro,2015,0.6,0,0,0,0,0,0,0,6,6,0,0,1,1,0,0,0,0,0,0,0
America,CUB,Cuba,2015,11.4,159,159,0,117,117,0,173,13,186,16,0,0,16,2,0,0,0,0,0,0
Europe,CYP,Cyprus,2015,0.8,3,3,0,2,2,0,1,19,20,0,0,0,0,0,0,0,0,0,0,0
Europe,CZE,Czech Republic,2015,10.5,246,238,8,230,222,8,400,53,453,188,0,0,188,75,34,0,34,37,34,1
Europe,DEU,Germany,2015,80.7,877,877,0,863,863,0,1551,645,2196,846,3,45,894,286,295,2,297,105,93,
Europe,DNK,Denmark,2015,5.7,87,87,0,85,85,0,154,119,273,58,0,0,58,27,35,0,35,2,2,0
America,DOM,Dominican Republic,2015,10.5,7,7,0,7,7,0,11,26,37,4,0,0,4,0,0,0,0,0,0,0
Africa,DZA,Algeria,2015,39.7,1,1,0,1,1,0,2,168,170,0,0,1,1,0,0,0,0,0,0,0
America,ECU,Ecuador,2015,16.1,63,63,0,63,63,0,112,6,118,12,0,2,14,0,0,0,0,0,0,0
Europe,EST,Estonia,2015,1.3,21,21,0,21,21,0,33,5,38,7,0,0,7,0,4,0,4,1,1,0
Eastern Mediterranean,EGY,Egypt,2015,91.5,0,0,0,,,,0,1417,1417,0,0,450,450,0,0,0,0,0,0,0
Europe,ESP,Spain,2015,46.1,1851,1537,314,1605,1350,255,2517,388,2905,1127,5,30,1162,299,294,0,294,97,72,12
Africa,ETH,Ethiopia,2015,99.4,0,0,0,0,0,0,0,9,9,0,0,0,0,0,0,0,0,0,0,0
Europe,FIN,Finland,2015,5.5,127,127,0,126,126,0,229,15,244,77,0,0,77,27,24,0,24,17,16,3
Western Pacific,FJI,Fiji,2015,0.9,0,0,0,0,0,0,0,0,0,0,0,0,0,0,0,0,0,0,0,0
Europe,FRA,France,2015,64.4,1809,1754,55,1742,1693,49,2939,547,3486,1331,9,15,1355,479,353,0,353,78,70,3
Europe,GBR,United Kingdom,2015,64.7,1311,763,548,1237,739,498,2131,1042,3173,863,2,35,900,194,202,0,202,244,175,15
Europe,GEO,Georgia,2015,4,0,0,0,0,0,0,0,50,50,0,0,6,6,0,0,0,0,0,0,0
Africa,GHA,Ghana,2015,27.4,0,0,0,0,0,0,0,3,3,0,0,0,0,0,0,0,0,0,0,0
Europe,GRC,Greece,2015,11,39,39,0,36,36,0,63,35,98,22,0,0,22,6,0,0,0,0,0,0
America,GTM,Guatemala,2015,16.3,15,0,0,0,0,0,30,105,135,0,0,0,0,0,0,0,0,0,0,0
America,HND,Honduras,2015,8.1,0,0,0,0,0,0,0,6,6,0,0,0,0,0,0,0,0,0,0,0
Europe,HRV,Croatia,2015,4.2,169,169,0,159,159,0,208,5,213,139,0,2,141,37,0,0,0,8,8,0
Europe,HUN,Hungary,2015,9.9,236,236,0,174,174,0,303,40,343,89,0,0,89,51,1,0,1,13,13,0
Europe,IRL,Ireland,2015,4.7,81,77,4,76,72,4,120,33,153,61,0,0,61,16,36,0,36,0,0,0
Europe,ISR,Israel,2015,8.1,77,76,1,74,73,1,120,174,294,64,0,14,78,22,47,0,47,6,6,0
South-East Asia,IND,India,2015,"1,311.10",,,,,,,,6500,6500,,,1200,1200,15,,,,,,
Eastern Mediterranean,IRN,Iran (Islamic Republic of),2015,79.1,808,808,0,0,0,0,1433,1098,2531,671,0,45,716,102,16,0,16,15,11,4
Europe,ISL,Iceland,2015,0.3,12,12,0,12,12,0,0,7,7,0,0,0,0,0,0,0,0,0,0,0
Europe,ITA,Italy,2015,59.8,1369,1361,8,1165,1159,6,1578,303,1881,1071,0,23,1094,245,112,0,112,50,31,1
Eastern Mediterranean,JOR,Jordan,2015,7.6,1,1,0,1,1,0,2,230,232,0,0,12,12,0,0,0,0,0,0,0
Western Pacific,JPN,Japan,2015,126.6,91,58,33,90,58,32,167,1462,1629,57,6,391,454,44,45,16,61,36,32,0
Africa,KEN,Kenya,2015,46.1,,,,,,,,26,26,,,,,,,,,,,
Europe,KGZ,Kyrgyzstan,2015,5.9,0,0,0,0,0,0,0,20,20,0,,2,2,0,0,0,0,0,0,0
Western Pacific,KOR,Republic of Korea,2015,50.3,501,500,1,501,500,1,901,990,1891,456,0,942,1398,145,64,0,64,57,19,1
Eastern Mediterranean,KWT,Kuwait,2015,3.9,12,12,0,12,12,0,24,57,81,0,0,0,0,0,0,0,0,1,1,0
Europe,KAZ,Kazakhstan,2015,17.6,22,22,0,22,22,0,36,183,219,12,0,45,57,19,3,0,3,0,0,0
Eastern Mediterranean,LBN,Lebanon,2015,5.9,5,5,0,3,3,0,6,70,76,2,0,3,5,2,,,,,,
Europe,LTU,Lithuania,2015,2.9,57,57,0,56,56,0,106,9,115,14,0,0,14,17,2,0,2,1,1,0
Europe,LUX,Luxembourg,2015,0.6,3,3,0,3,3,0,0,0,0,0,0,0,0,0,0,0,0,0,0,0
Europe,LVA,Latvia,2015,2,37,26,11,36,26,10,66,11,77,0,0,0,0,2,0,0,0,0,0,0
Eastern Mediterranean,LBY,Libyan Arab Jamahiriya,2015,6.3,0,0,0,0,0,0,0,5,5,0,0,0,0,,,,,,,
Eastern Mediterranean,MAR,Morocco,2015,34.4,11,11,0,11,11,0,20,32,52,8,,2,10,1,0,0,0,0,0,0
Europe,MDA,Republic of Moldova,2015,4.1,4,4,0,4,4,0,6,4,10,2,0,2,4,0,0,0,0,0,0,0
Europe,MKD,The former Yugoslav Republic of Macedonia,2015,2.1,2,2,0,2,2,0,3,9,12,0,0,0,0,0,0,0,0,0,0,0
Africa,MLI,Mali,2015,17.6,0,0,0,0,0,0,0,0,0,0,0,0,0,0,0,,,,,
Western Pacific,MNG,Mongolia,2015,3,,,,,,,,20,20,,,7,7,,,,,,,
Europe,MLT,Malta,2015,0.4,6,6,0,5,5,0,8,0,8,0,0,0,0,0,0,0,0,0,0,0
Africa,MUS,Mauritius,2015,1.3,0,0,0,,,,0,14,14,0,0,0,0,0,,,0,0,0,0
South-East Asia,MDV,Maldives,2015,0.4,0,0,0,0,0,0,0,0,0,0,0,0,0,0,0,0,0,0,0,0
America,MEX,Mexico,2015,127,446,446,0,446,446,0,810,1960,2770,147,0,4,151,38,0,0,0,1,0,0
Western Pacific,MYS,Malaysia,2015,30.3,30,30,0,28,28,0,51,31,82,12,0,0,12,1,1,0,1,0,0,0
Africa,NGA,Nigeria,2015,182.2,0,0,0,0,0,0,0,39,39,0,0,0,0,0,0,0,0,0,0,0
America,NIC,Nicaragua,2015,6.1,0,0,0,0,0,0,0,11,11,,0,0,0,0,,0,0,0,0,0
Europe,NLD,Netherlands,2015,16.9,284,128,156,265,126,139,470,514,984,148,0,3,151,54,78,0,78,25,22,0
Europe,NOR,Norway,2015,5.2,111,105,6,110,105,5,191,63,254,83,0,3,86,37,34,0,34,31,11,0
South-East Asia,NPL,Nepal,2015,28.5,0,0,0,0,0,0,0,100,100,0,,0,0,0,,,,,0,0
Western Pacific,NZL,New Zealand,2015,4.5,53,48,5,50,45,5,73,74,147,45,0,3,48,12,23,0,23,3,3,0
Eastern Mediterranean,OMN,Oman,2015,4.5,,,,,,,,,,0,0,0,0,,,,,,,
America,PAN,Panama,2015,3.9,25,25,0,17,17,0,29,5,34,7,0,0,7,0,0,0,0,0,0,0
America,PER,Peru,2015,31.4,82,82,0,78,78,0,137,29,166,22,0,0,22,9,2,0,2,0,0,0
Western Pacific,PHL,Philippines,2015,100.7,,,,,,,43,401,444,,,,,,,,,,,
Eastern Mediterranean,PAK,Pakistan,2015,188.9,,,,,,,,361,361,,,139,139,0,0,0,0,0,0,0
Europe,POL,Poland,2015,38.6,526,523,3,510,507,3,987,60,1047,310,0,22,332,99,24,0,24,41,29,0
Europe,PRT,Portugal,2015,10.3,319,319,0,301,301,0,421,62,483,233,14,2,249,50,15,0,15,27,26,0
America,PRY,Paraguay,2015,6.6,10,10,0,10,10,0,19,18,37,1,0,0,1,2,0,0,0,0,0,0
Eastern Mediterranean,QAT,Qatar,2015,2.2,8,8,0,8,8,0,12,37,49,6,0,3,9,0,0,0,0,0,0,0
Europe,ROU,Romania,2015,19.5,113,113,0,113,113,0,199,46,245,85,0,11,96,4,0,0,0,1,1,0
Europe,SRB,Serbia,2015,8.9,41,41,0,41,41,0,74,30,104,17,0,0,17,4,0,0,0,0,0,0
Europe,RUS,Russian Federation,2015,143.5,434,361,73,434,361,73,755,190,945,192,0,133,325,179,24,0,24,12,0,0
Eastern Mediterranean,SAU,Saudi Arabia,2015,31.5,89,89,0,86,86,0,144,618,762,67,0,130,197,30,39,0,39,8,2,0
Eastern Mediterranean,SDN,Sudan,2015,40.2,0,0,0,0,0,0,0,199,199,0,0,0,0,0,0,0,0,0,0,0
Europe,SWE,Sweden,2015,9.8,169,169,0,167,167,0,295,131,426,176,2,2,180,64,48,0,48,30,23,2
Western Pacific,SGP,Singapore,2015,5.6,22,21,1,22,21,1,32,40,72,20,0,18,38,6,1,0,1,1,1,0
Europe,SVN,Slovenia,2015,2.1,54,54,0,53,53,0,64,0,64,24,0,0,24,24,0,0,0,5,5,0
Europe,SVK,Slovakia,2015,5.4,94,94,0,90,90,0,165,19,184,34,0,0,34,27,0,0,0,0,0,0
Africa,SEN,Senegal,2015,15.1,0,0,0,0,0,0,0,0,0,0,0,0,0,0,0,0,0,0,0,0
America,SLV,El Salvador,2015,6.1,0,0,0,,,,0,44,44,0,0,0,0,0,0,0,0,0,0,0
Eastern Mediterranean,SYR,Syrian Arab Republic,2015,18.5,0,0,0,0,0,0,0,209,209,0,0,0,0,0,0,0,0,0,0,0
South-East Asia,THA,Thailand,2015,68,206,206,0,192,192,0,364,238,602,72,0,20,92,25,1,0,1,1,0,0
Europe,TJK,Tajikistan,2015,8.5,0,0,0,0,0,0,0,25,25,0,0,0,0,0,0,0,0,0,0,0
Eastern Mediterranean,TUN,Tunisia,2015,11.3,9,9,0,9,9,0,18,10,125,1,,,1,0,1,,1,0,0,0
Europe,TUR,Turkey,2015,78.7,472,472,0,470,470,0,670,2534,3204,345,0,871,1216,89,30,0,30,7,2,6
Europe,UKR,Ukraine,2015,44.8,3,3,0,3,3,0,6,120,126,0,0,10,10,0,0,0,0,0,0,0
America,USA,United States of America,2015,321.8,9079,7585,1494,8518,7230,1288,12969,5628,18597,6768,15,344,7127,2819,2072,0,2072,947,719,141
America,URY,Uruguay,2015,3.4,45,45,0,43,43,0,81,17,98,16,0,3,19,4,0,0,0,2,2,0
Europe,UZB,Uzbekistan,2015,29.9,0,0,0,0,0,0,0,0,0,0,0,0,0,0,0,0,0,0,0,0
America,VEN,Venezuela (Bolivarian Republic of),2015,31.1,53,53,0,51,51,0,96,90,186,1,0,5,6,0,0,0,0,0,0,0
Western Pacific,VNM,Viet Nam,2015,93.4,17,17,0,17,17,0,9,261,270,5,0,3,8,2,0,0,0,1,1,0
Africa,ZAF,South Africa,2015,54.5,85,83,2,85,83,2,131,96,227,53,0,13,66,14,12,0,12,5,3,0
Europe,ARM,Armenia,2016,3,0,0,0,0,0,0,0,7,7,0,0,0,0,0,0,0,0,0,0,0
America,ARG,Argentina,2016,43.8,515,515,0,481,481,0,746,404,1150,330,0,38,368,115,34,0,34,48,46,4
Europe,AUT,Austria,2016,8.6,217,211,6,207,202,5,365,67,432,152,0,2,154,57,110,0,110,26,24,1
Western Pacific,AUS,Australia,2016,24.3,503,375,128,480,363,117,821,265,1086,312,0,2,314,125,199,0,199,51,46,1
Europe,BIH,Bosnia and Herzegovina,2016,3.8,5,5,0,5,5,0,10,8,18,3,0,0,3,0,0,0,0,0,0,0
Europe,BEL,Belgium,2016,11.4,351,243,108,321,226,95,453,67,520,256,3,43,302,70,129,0,129,11,11,0
Europe,BGR,Bulgaria,2016,7.1,39,39,0,17,17,0,26,11,37,10,,1,11,9,0,0,0,0,0,0
America,BRA,Brazil,2016,209.6,2983,2983,0,2823,2823,0,4400,1200,5600,1723,,157,1880,357,92,0,92,134,108,1
Europe,BLR,Belarus,2016,9.5,222,222,0,208,208,0,366,18,384,64,0,6,70,44,2,0,2,2,2,0
America,CAN,Canada,2016,36.3,758,584,174,758,584,174,1260,472,1732,507,,73,580,204,302,0,302,95,61,5
Europe,CHE,Switzerland,2016,8.4,111,96,15,106,92,14,185,120,305,96,1,11,108,41,48,0,48,11,9,0
America,CHL,Chile,2016,18.1,134,134,0,128,128,0,222,82,304,79,0,14,93,23,19,0,19,4,4,0
Western Pacific,CHN,China,2016,"1,382.30",4080,782,3298,4002,759,3243,7224,1795,9019,3264,,408,3672,368,204,0,204,,,
America,COL,Colombia,2016,48.7,343,343,0,336,336,0,637,125,762,199,0,41,240,58,16,0,16,5,5,3
America,CRI,Costa Rica,2016,4.9,23,23,0,23,23,0,42,68,110,10,0,3,13,5,2,0,2,0,0,0
Europe,MNE,Montenegro,2016,0.6,0,0,0,0,0,0,0,2,2,0,0,0,0,0,0,0,0,0,0,0
America,CUB,Cuba,2016,11.4,149,149,0,103,103,0,160,25,185,18,0,2,20,2,0,0,0,0,0,0
Europe,CYP,Cyprus,2016,1.2,4,4,,3,3,,4,15,19,0,0,0,0,0,0,0,0,0,0,0
Europe,CZE,Czech Republic,2016,10.5,266,262,4,244,240,4,412,46,458,178,,1,179,78,42,0,42,41,32,3
Europe,DEU,Germany,2016,80.7,857,857,0,833,833,0,1497,597,2094,826,12,50,888,297,328,0,328,97,85,4
Europe,DNK,Denmark,2016,5.7,100,100,0,89,89,0,154,109,263,59,,0,59,29,29,0,29,7,7,0
America,DOM,Dominican Republic,2016,10.6,15,15,0,15,15,0,27,29,56,3,0,0,3,0,0,0,0,0,0,0
America,ECU,Ecuador,2016,16.4,83,83,0,82,82,0,133,6,139,31,0,0,31,0,0,0,0,0,0,0
Europe,EST,Estonia,2016,1.3,22,22,0,22,22,0,38,4,42,10,0,0,10,0,3,0,3,2,2,0
Europe,ESP,Spain,2016,46.1,2019,1524,495,1743,1334,409,2654,343,2997,1126,5,28,1159,281,307,0,307,73,63,4
Africa,ETH,Ethiopia,2016,101.9,0,0,0,0,0,0,0,18,18,0,0,0,0,0,0,0,0,0,0,0
Europe,FIN,Finland,2016,5.5,136,136,0,132,132,0,240,22,262,61,,0,61,31,18,0,18,27,26,0
Western Pacific,FJI,Fiji,2016,0.9,0,0,0,0,0,0,0,0,0,0,0,0,0,0,0,0,0,0,0,0
Europe,FRA,France,2016,64.7,1859,1770,89,1804,1725,79,3039,576,3615,1312,5,5,1322,490,384,0,384,90,74,3
Europe,GBR,United Kingdom,2016,65.1,1401,798,603,1329,778,551,2310,1018,3328,921,3,32,956,209,168,0,168,206,147,15
Europe,GEO,Georgia,2016,4,0,0,0,0,0,0,,19,19,0,0,13,13,0,0,0,0,0,0,0
Africa,GHA,Ghana,2016,28,0,0,0,0,0,0,0,0,0,0,0,0,0,0,0,0,0,0,0,0
Europe,GRC,Greece,2016,10.9,51,51,0,45,45,0,75,49,124,21,0,0,21,6,0,0,0,0,0,0
America,GTM,Guatemala,2016,16.7,8,8,0,,,,15,107,122,0,0,0,0,0,0,0,0,0,0,0
America,HND,Honduras,2016,8.2,0,0,0,0,0,0,0,9,9,0,0,0,0,0,0,0,0,0,0,0
Europe,HRV,Croatia,2016,4.2,166,166,0,150,150,0,183,7,190,121,,0,121,35,0,0,0,7,7,0
Europe,HUN,Hungary,2016,9.8,182,182,0,177,177,0,308,34,342,81,0,0,81,58,17,0,17,6,6,0
Europe,IRL,Ireland,2016,4.7,77,74,3,72,69,3,122,50,172,58,0,0,58,15,35,0,35,0,0,0
Europe,ISR,Israel,2016,8.2,85,83,2,80,78,2,130,222,352,76,0,8,84,22,50,0,50,12,10,0
Eastern Mediterranean,IRN,Iran (Islamic Republic of),2016,80,870,870,0,870,870,0,1399,1078,2477,770,0,32,802,119,7,0,7,30,9,16
Europe,ISL,Iceland,2016,0.3,9,9,0,8,8,0,0,5,5,0,0,0,0,0,0,0,0,0,0,0
Europe,ITA,Italy,2016,59.8,1478,1458,20,1298,1284,14,1796,280,2076,1213,1,7,1221,266,147,0,147,67,56,2
Eastern Mediterranean,JOR,Jordan,2016,7.7,0,0,0,0,0,0,0,194,194,0,0,13,13,0,0,0,0,0,0,0
Western Pacific,JPN,Japan,2016,126.3,96,64,32,95,64,31,177,1471,1648,57,0,381,438,52,50,17,67,38,33,1
Eastern Mediterranean,KWT,Kuwait,2016,4,18,18,0,16,16,0,30,47,77,0,0,0,0,0,0,0,0,1,1,0
Europe,KAZ,Kazakhstan,2016,17.9,16,16,0,16,16,0,30,191,221,10,0,57,67,15,2,0,2,1,1,0
Europe,LTU,Lithuania,2016,2.9,63,61,2,61,59,2,105,6,111,23,0,0,23,15,3,0,3,2,2,0
Europe,LUX,Luxembourg,2016,0.6,3,3,0,3,3,0,0,0,0,0,0,0,0,0,0,0,0,0,0,0
Europe,LVA,Latvia,2016,2,30,19,11,26,19,7,49,10,59,0,0,0,0,3,0,0,0,0,0,0
Europe,MDA,Republic of Moldova,2016,4.1,13,13,0,13,13,0,14,8,22,8,0,1,9,0,0,0,0,0,0,0
Europe,MKD,The former Yugoslav Republic of Macedonia,2016,2.1,0,0,0,0,0,0,0,6,6,0,0,0,0,0,0,0,0,0,0,0
Europe,MLT,Malta,2016,0.4,10,10,0,8,8,0,15,5,20,0,0,0,0,1,0,0,0,0,0,0
America,MEX,Mexico,2016,128.6,470,470,0,452,452,0,851,2120,2971,175,0,3,178,34,1,0,1,3,0,0
Western Pacific,MYS,Malaysia,2016,30.8,6,6,0,5,5,0,9,39,48,1,0,0,1,0,0,0,0,0,0,0
Africa,NGA,Nigeria,2016,187,0,0,0,0,0,0,0,58,58,0,0,0,0,0,0,0,0,0,0,0
Europe,NLD,Netherlands,2016,17,250,118,132,235,117,118,426,565,991,147,0,12,159,35,73,0,73,25,19,1
Europe,NOR,Norway,2016,5.3,111,109,2,107,105,2,193,47,240,100,0,0,100,21,34,0,34,20,16,0
Western Pacific,NZL,New Zealand,2016,4.6,61,55,6,59,54,5,90,82,172,55,1,3,59,11,17,0,17,4,4,0
America,PAN,Panama,2016,4,29,29,0,28,28,0,47,6,53,11,0,0,11,1,0,0,0,0,0,0
America,PER,Peru,2016,31.8,70,70,0,70,70,0,128,34,162,30,0,1,31,5,4,0,4,1,1,0
Western Pacific,PHL,Philippines,2016,102.3,21,21,0,21,21,0,42,438,482,3,,0,3,0,0,0,0,0,0,0
Eastern Mediterranean,PAK,Pakistan,2016,192.8,0,0,0,0,0,0,0,915,915,0,0,177,177,0,0,0,0,0,0,0
Europe,POL,Poland,2016,38.6,542,535,7,525,518,7,1058,50,1108,317,0,28,345,101,35,0,35,38,31,0
Europe,PRT,Portugal,2016,10.3,337,327,10,313,306,7,434,65,499,257,15,0,272,42,26,0,26,25,24,0
America,PRY,Paraguay,2016,6.7,11,11,0,11,11,0,22,25,47,6,0,0,6,2,0,0,0,0,0,0
Eastern Mediterranean,QAT,Qatar,2016,2.3,6,6,0,6,6,0,6,21,27,2,,,3,0,0,0,0,0,0,0
Europe,ROU,Romania,2016,19.4,124,124,0,122,122,0,224,41,265,92,0,5,97,11,0,0,0,1,1,0
Europe,RUS,Russian Federation,2016,143.4,487,432,55,487,432,55,852,232,1084,229,,149,378,220,16,0,16,6,,0
Eastern Mediterranean,SAU,Saudi Arabia,2016,32.2,92,91,1,83,82,1,123,673,796,69,1,145,215,29,16,0,16,11,4,1
Eastern Mediterranean,SDN,Sudan,2016,41.2,0,0,0,0,0,0,0,224,224,0,0,0,0,0,0,0,0,0,0,0
Europe,SWE,Sweden,2016,9.9,195,195,0,185,185,0,290,135,425,197,0,2,199,64,62,0,62,24,16,2
Western Pacific,SGP,Singapore,2016,5.7,27,24,3,27,24,3,40,32,72,16,,19,35,6,0,,0,0,0,
Europe,SVN,Slovenia,2016,2.1,42,42,0,41,41,0,44,2,46,27,0,0,27,31,0,0,0,5,5,0
Europe,SVK,Slovakia,2016,5.4,72,72,0,67,67,0,124,19,143,37,0,0,37,20,0,0,0,0,0,0
Eastern Mediterranean,SYR,Syrian Arab Republic,2016,18.6,0,0,0,0,0,0,0,211,211,0,0,1,1,0,0,0,0,0,0,0
South-East Asia,THA,Thailand,2016,68.1,220,220,0,217,217,0,418,219,637,81,0,28,109,15,0,0,0,2,2,0
Europe,TUR,Turkey,2016,79.6,562,562,0,492,492,,784,2639,3423,392,0,1004,1396,69,22,0,22,6,1,5
America,USA,United States of America,2016,324.1,9970,8286,1684,9381,7929,1452,14229,5629,19858,7496,9,345,7841,3209,2345,0,2345,1013,798,147
America,URY,Uruguay,2016,3.4,57,57,0,56,56,0,104,14,118,23,0,2,25,6,3,,3,2,2,0
Africa,ZAF,South Africa,2016,55,72,71,1,72,71,1,136,118,254,51,0,15,66,25,14,0,14,4,1,0
Europe,ARM,Armenia,2017,2.9,0,0,0,0,0,0,0,11,11,0,0,0,0,0,0,0,0,0,0,0
America,ARG,Argentina,2017,44.3,593,593,0,546,546,0,929,392,1321,409,0,43,452,117,42,0,42,62,57,5
Europe,AUT,Austria,2017,8.7,213,206,7,206,199,7,359,69,428,158,0,3,161,64,116,0,116,20,20,
Western Pacific,AUS,Australia,2017,24.5,510,359,151,482,343,139,832,271,1103,280,0,2,282,98,210,0,210,49,47,1
Europe,BEL,Belgium,2017,11.4,348,245,103,348,245,103,485,63,548,269,3,33,305,79,121,0,121,14,9,3
Europe,BGR,Bulgaria,2017,7.1,43,43,0,19,19,0,32,8,40,12,0,1,13,5,0,0,0,0,0,0
America,BOL,Bolivia (Plurinational State of),2017,11.1,10,10,,10,10,,20,61,81,1,0,0,1,0,0,0,0,0,0,0
America,BRA,Brazil,2017,209.3,3420,3420,0,3011,3011,0,4807,1139,5946,1921,11,186,2118,380,111,1,112,111,87,1
Europe,BLR,Belarus,2017,9.5,224,224,0,210,210,0,353,9,362,76,0,3,79,39,5,0,5,6,6,0
America,CAN,Canada,2017,36.6,802,601,201,802,601,201,1299,472,1771,524,,61,585,215,348,0,348,76,45,5
Europe,CHE,Switzerland,2017,8.5,145,106,39,141,104,37,232,128,360,134,1,8,143,40,32,0,32,5,5,0
America,CHL,Chile,2017,18.1,173,173,0,164,164,0,292,73,365,103,0,10,113,36,17,0,17,9,,0
America,COL,Colombia,2017,49.1,437,437,0,434,434,0,798,138,936,243,0,39,282,75,24,0,24,13,13,0
America,CRI,Costa Rica,2017,4.9,22,22,0,22,22,0,40,51,91,10,0,2,12,4,0,0,0,0,0,0
America,CUB,Cuba,2017,11.5,142,142,0,116,116,0,174,29,203,22,0,0,22,0,0,0,0,0,0,0
Europe,CYP,Cyprus,2017,1.2,10,10,0,9,9,0,10,9,19,0,0,0,0,0,0,0,0,0,0,0
Europe,CZE,Czech Republic,2017,10.6,269,256,13,249,239,10,418,51,469,205,0,0,205,74,44,0,44,39,34,1
Europe,DEU,Germany,2017,82.1,797,797,0,769,769,0,1364,557,1921,760,2,61,823,257,309,,309,72,69,3
Europe,DNK,Denmark,2017,5.7,103,103,0,97,97,0,165,92,257,57,0,0,57,25,35,0,35,9,9,0
America,DOM,Dominican Republic,2017,10.8,14,14,0,14,14,0,22,31,53,2,0,0,2,0,0,0,0,1,0,0
America,ECU,Ecuador,2017,16.6,83,83,0,77,77,0,141,9,150,36,0,1,37,0,0,0,0,0,0,0
Europe,EST,Estonia,2017,1.3,18,18,0,18,18,0,30,5,35,10,0,0,10,0,5,0,5,3,3,0
Europe,ESP,Spain,2017,46.4,2183,1610,573,1906,1421,485,2937,332,3269,1226,4,17,1247,304,363,0,363,70,55,8
Europe,FIN,Finland,2017,5.5,118,118,0,116,116,0,211,29,240,63,0,0,63,26,24,0,24,21,21,0
Europe,FRA,France,2017,65,1933,1796,137,1882,1752,130,3171,611,3782,1349,7,18,1374,473,384,0,384,96,84,2
Europe,GBR,United Kingdom,2017,66.2,1492,898,594,1413,873,540,2448,1000,3448,974,2,34,1010,191,198,0,198,202,172,18
Europe,GEO,Georgia,2017,3.9,0,0,0,0,0,0,0,21,21,0,0,10,10,0,0,0,0,0,0,0
Europe,GRC,Greece,2017,11.2,67,67,0,57,57,0,108,68,176,28,0,0,28,8,0,0,0,0,0,0
America,GTM,Guatemala,2017,16.9,2,2,2,2,2,0,4,108,112,,0,0,0,0,0,0,0,0,0,0
America,HND,Honduras,2017,9.3,0,0,0,0,0,0,0,13,13,0,0,0,0,0,0,0,0,0,0,0
Europe,HRV,Croatia,2017,4.2,140,140,0,132,132,0,154,11,165,118,0,1,119,33,0,0,0,5,4,0
Europe,HUN,Hungary,2017,9.7,159,159,0,151,151,0,257,40,297,74,0,0,74,52,21,0,21,6,6,0
Europe,IRL,Ireland,2017,4.8,99,91,8,92,84,8,141,51,192,62,0,0,62,16,36,0,36,5,5,0
Europe,ISR,Israel,2017,8.3,92,88,4,88,86,2,145,222,367,75,0,13,88,18,55,0,55,9,9,0
Europe,ISL,Iceland,2017,0.3,6,6,0,6,6,0,0,8,8,0,0,0,0,0,0,0,0,0,0,0
Europe,ITA,Italy,2017,59.4,1714,1661,53,1437,1407,30,1933,313,2246,1295,1,15,1311,265,144,0,144,39,28,
Eastern Mediterranean,KWT,Kuwait,2017,4.1,20,20,0,20,20,0,29,60,89,0,0,0,0,0,0,0,0,3,3,0
Europe,LTU,Lithuania,2017,2.9,40,40,0,40,40,0,70,6,76,22,0,0,22,7,1,0,1,0,0,0
Europe,LUX,Luxembourg,2017,0.6,9,9,0,9,9,0,0,0,0,0,0,0,0,0,0,0,0,0,0,0
Europe,LVA,Latvia,2017,1.9,24,22,2,20,20,0,37,13,50,0,0,0,0,1,0,0,0,0,0,0
Europe,MDA,Republic of Moldova,2017,4.1,16,16,0,14,14,0,17,2,19,11,0,1,12,0,0,0,0,0,0,0
Europe,MKD,The former Yugoslav Republic of Macedonia,2017,2.1,0,0,0,0,0,0,0,17,17,0,0,0,0,0,0,0,0,0,0,0
Europe,MLT,Malta,2017,0.4,12,12,0,12,12,0,16,5,21,0,0,0,0,0,0,0,0,0,0,0
America,MEX,Mexico,2017,129.2,509,509,0,505,505,0,932,2234,3166,168,0,15,183,33,4,0,4,0,0,0
Western Pacific,MYS,Malaysia,2017,31.6,13,13,0,13,13,0,26,53,79,2,0,3,5,1,1,0,1,0,0,0
America,NIC,Nicaragua,2017,6.2,1,1,0,1,1,1,1,10,11,0,0,0,0,0,0,0,0,0,0,0
Europe,NLD,Netherlands,2017,17,258,112,146,244,108,136,428,551,979,160,0,9,169,38,74,0,74,25,22,0
Europe,NOR,Norway,2017,5.3,116,108,8,112,105,7,197,77,274,102,0,0,102,32,35,0,35,24,11,0
Western Pacific,NZL,New Zealand,2017,4.7,73,61,12,68,57,11,118,69,187,52,0,3,55,24,20,0,20,4,4,0
America,PAN,Panama,2017,4.1,17,17,0,16,16,0,28,15,43,9,0,0,9,1,0,0,0,0,0,0
America,PER,Peru,2017,32.2,52,52,0,50,50,0,85,44,129,29,0,2,31,10,1,0,1,1,1,0
Europe,POL,Poland,2017,38.2,560,558,2,542,540,2,1035,56,1091,349,0,24,373,98,39,0,39,41,30,0
Europe,PRT,Portugal,2017,10.3,351,330,21,322,308,14,452,77,529,247,10,2,259,46,34,0,34,27,26,0
America,PRY,Paraguay,2017,6.8,11,11,0,11,11,0,20,19,39,2,0,0,2,3,0,0,0,0,0,0
Europe,ROU,Romania,2017,19.7,65,65,0,64,64,0,98,51,149,52,1,10,63,3,0,0,0,0,0,0
Europe,RUS,Russian Federation,2017,144,572,520,52,564,516,48,973,202,1175,308,0,130,438,252,25,0,25,6,6,0
Eastern Mediterranean,SAU,Saudi Arabia,2017,32.9,104,104,0,103,103,0,145,776,921,79,0,147,226,37,37,0,37,18,11,1
Eastern Mediterranean,SDN,Sudan,2017,40.5,0,0,0,0,0,0,0,214,214,0,0,0,0,0,0,0,0,0,0,0
Europe,SWE,Sweden,2017,9.9,192,191,1,188,188,0,349,125,474,176,2,3,181,62,65,0,65,25,17,2
Europe,SVN,Slovenia,2017,2.1,43,43,0,39,39,0,46,2,48,23,0,0,23,24,0,0,0,0,0,0
Europe,SVK,Slovakia,2017,5.4,86,86,0,80,80,0,142,11,153,32,0,0,32,18,0,0,0,0,0,0
Eastern Mediterranean,SYR,Syrian Arab Republic,2017,18.3,0,0,0,0,0,0,0,233,233,0,0,0,0,0,0,0,0,0,0,0
America,USA,United States of America,2017,324.5,10286,8403,1883,9706,8075,1631,14827,5811,20638,7715,8,359,8082,3273,2478,0,2478,1002,789,109
America,URY,Uruguay,2017,3.5,66,66,0,66,66,0,128,19,147,24,0,0,24,7,6,0,6,0,0,0
